0.2184629738330841,0.7344090342521667,4.2067304661941307e-07,0.28288647532463074,0.7278951406478882,-0.02180970087647438,0.3454820215702057,0.6914198398590088,-0.029068995267152786,0.3890267312526703,0.6579504609107971,-0.03586697205901146,0.42335784435272217,0.6393739581108093,-0.04243966192007065,0.33632391691207886,0.5680620074272156,-0.012363613583147526,0.3784668743610382,0.5049534440040588,-0.027218786999583244,0.4026504456996918,0.4632468819618225,-0.04079166427254677,0.42219915986061096,0.42793023586273193,-0.05095028132200241,0.30403396487236023,0.5386452674865723,-0.014715210534632206,0.33718714118003845,0.45810234546661377,-0.02767602726817131,0.3577479422092438,0.4093942642211914,-0.040276337414979935,0.3740171790122986,0.37107646465301514,-0.04932766035199165,0.2684729993343353,0.5287685990333557,-0.02059371955692768,0.2895473539829254,0.4486533999443054,-0.03515498712658882,0.3048873543739319,0.39962881803512573,-0.04678637161850929,0.3198118507862091,0.3595826327800751,-0.05482872948050499,0.2279946208000183,0.536210298538208,-0.02892746590077877,0.22681820392608643,0.4735316038131714,-0.04362109303474426,0.22805148363113403,0.4321899712085724,-0.050435375422239304,0.23218834400177002,0.3950987160205841,-0.05433899164199829,Hello
0.23482219874858856,0.8067790269851685,3.8919930034353456e-07,0.2940957546234131,0.7821016907691956,-0.02184615284204483,0.3483056128025055,0.7290787100791931,-0.03324907273054123,0.3872148096561432,0.6880718469619751,-0.04515744745731354,0.4135250747203827,0.6545891761779785,-0.05779251828789711,0.3231860101222992,0.6088171005249023,-0.019382083788514137,0.35507869720458984,0.5295946002006531,-0.0428009107708931,0.3720235228538513,0.4787589907646179,-0.062385253608226776,0.38511618971824646,0.43478861451148987,-0.07559462636709213,0.28570884466171265,0.5886849761009216,-0.025300441309809685,0.3052821457386017,0.49173736572265625,-0.046190205961465836,0.3179699778556824,0.4303416609764099,-0.06419592350721359,0.3272237181663513,0.3790004551410675,-0.07621780037879944,0.24856072664260864,0.5886238813400269,-0.03469261899590492,0.25534307956695557,0.49635887145996094,-0.054847583174705505,0.26162636280059814,0.43638455867767334,-0.06883106380701065,0.26772111654281616,0.38666340708732605,-0.07728829234838486,0.2111084908246994,0.60586017370224,-0.04647758603096008,0.20511505007743835,0.5331668257713318,-0.06405317783355713,0.20261487364768982,0.48491981625556946,-0.07075787335634232,0.20200763642787933,0.44177961349487305,-0.0739956870675087,Hello
0.19283965229988098,0.6687790155410767,4.9660201284496e-07,0.2572444677352905,0.6643469929695129,-0.02460460551083088,0.32034367322921753,0.6334101557731628,-0.032258156687021255,0.36651626229286194,0.605999231338501,-0.03845393285155296,0.4006534814834595,0.5937347412109375,-0.04377396032214165,0.30582916736602783,0.5035194754600525,-0.009411930106580257,0.3487858176231384,0.4461210072040558,-0.019765475764870644,0.3720109760761261,0.41050034761428833,-0.030514096841216087,0.3901650905609131,0.38080865144729614,-0.03869234025478363,0.27475643157958984,0.4759790599346161,-0.008349724113941193,0.3080046772956848,0.39972010254859924,-0.015396760776638985,0.3279128968715668,0.3529064655303955,-0.02480567805469036,0.3423464298248291,0.3175981640815735,-0.03198875114321709,0.23955532908439636,0.46789073944091797,-0.011317591182887554,0.2560110092163086,0.3900505006313324,-0.021448323503136635,0.26853060722351074,0.34367385506629944,-0.03279554471373558,0.2809031903743744,0.3066370487213135,-0.040899381041526794,0.19929026067256927,0.47682884335517883,-0.017003878951072693,0.19156937301158905,0.418748140335083,-0.028872590512037277,0.18866907060146332,0.38000357151031494,-0.0355389378964901,0.1898549199104309,0.3451623320579529,-0.03951147943735123,Hello
0.195478618144989,0.6728954911231995,4.896873520010558e-07,0.2606579065322876,0.6719046831130981,-0.02578131854534149,0.3244960904121399,0.644186794757843,-0.03415484353899956,0.3721262514591217,0.6166868209838867,-0.04085925221443176,0.4081336259841919,0.6046673655509949,-0.04668843373656273,0.31394946575164795,0.5139795541763306,-0.011161712929606438,0.3589109778404236,0.4561684727668762,-0.0226438045501709,0.383055180311203,0.4191681146621704,-0.034107279032468796,0.4019268751144409,0.38812994956970215,-0.04281344264745712,0.28300851583480835,0.4844856858253479,-0.009809333831071854,0.31805410981178284,0.40789908170700073,-0.018215682357549667,0.33907851576805115,0.36081916093826294,-0.02860025130212307,0.35460931062698364,0.32473617792129517,-0.03644785284996033,0.2476666271686554,0.4744836688041687,-0.012499375268816948,0.2666000723838806,0.3972342014312744,-0.023554004728794098,0.2810651957988739,0.35032281279563904,-0.03535977751016617,0.29508814215660095,0.31275808811187744,-0.04378906264901161,0.20705723762512207,0.4812896251678467,-0.017985986545681953,0.2015262246131897,0.4226697087287903,-0.03055686503648758,0.20016233623027802,0.38318079710006714,-0.03759628161787987,0.2027498185634613,0.34752434492111206,-0.04179760813713074,Hello
0.19590424001216888,0.5813446044921875,5.79777463372011e-07,0.25629952549934387,0.595956563949585,-0.02712930738925934,0.3204110860824585,0.5898280143737793,-0.03689119219779968,0.3702450096607208,0.5837189555168152,-0.04463784024119377,0.40568268299102783,0.5884091258049011,-0.05126703158020973,0.3296489417552948,0.45529425144195557,-0.011401002295315266,0.38253694772720337,0.41473034024238586,-0.022470055148005486,0.4116840958595276,0.38692736625671387,-0.03413195535540581,0.43508780002593994,0.3623797297477722,-0.04267856106162071,0.30426234006881714,0.4181459844112396,-0.009053334593772888,0.3529627323150635,0.35764312744140625,-0.0156916081905365,0.3816494941711426,0.3188439607620239,-0.024999311193823814,0.4039650559425354,0.2884191870689392,-0.03197190538048744,0.27128881216049194,0.39855122566223145,-0.010844973847270012,0.3027450740337372,0.3320743143558502,-0.019731465727090836,0.3237554430961609,0.2914811372756958,-0.03036280907690525,0.3432999551296234,0.25970304012298584,-0.037927813827991486,0.2308369278907776,0.39403706789016724,-0.015642525628209114,0.23416553437709808,0.3391188979148865,-0.025235848501324654,0.23813095688819885,0.3030831515789032,-0.03004351258277893,0.24586369097232819,0.27214065194129944,-0.032716549932956696,Hello
0.6818212866783142,0.5075059533119202,2.3036923835206835e-07,0.6298558115959167,0.517821729183197,-0.021277859807014465,0.5715096592903137,0.49982887506484985,-0.031693778932094574,0.5279350876808167,0.4784887433052063,-0.04062265902757645,0.49136844277381897,0.4699336290359497,-0.04918471351265907,0.5665656328201294,0.3902980387210846,-0.015023671090602875,0.5187506675720215,0.34483829140663147,-0.030592113733291626,0.4901069402694702,0.3165479004383087,-0.04437800869345665,0.4671846032142639,0.28921982645988464,-0.055085260421037674,0.5874611735343933,0.35635054111480713,-0.01767909899353981,0.5437774062156677,0.29382944107055664,-0.030295241624116898,0.516394853591919,0.25463300943374634,-0.04214923083782196,0.4936341345310211,0.2216317504644394,-0.05140416696667671,0.6161904335021973,0.33858469128608704,-0.023841336369514465,0.585096538066864,0.27027153968811035,-0.037981290370225906,0.5666287541389465,0.22771914303302765,-0.04694095999002457,0.548854410648346,0.19165317714214325,-0.053664594888687134,0.6504120230674744,0.33321037888526917,-0.03227230906486511,0.6363826394081116,0.2782546877861023,-0.0445062555372715,0.6261281967163086,0.24345126748085022,-0.048868533223867416,0.6145657896995544,0.21219532191753387,-0.052163101732730865,Hello
0.6754633188247681,0.5031161904335022,2.2366897667325247e-07,0.6244931817054749,0.5137957334518433,-0.021546410396695137,0.56697016954422,0.4978005886077881,-0.032490409910678864,0.5235476493835449,0.47708988189697266,-0.04183663800358772,0.48677656054496765,0.46810150146484375,-0.050785161554813385,0.560499906539917,0.3880425691604614,-0.01614563539624214,0.5126756429672241,0.3433641195297241,-0.032044991850852966,0.48390495777130127,0.3157130181789398,-0.046058982610702515,0.4607548713684082,0.28901970386505127,-0.05687136948108673,0.5806474089622498,0.3541516959667206,-0.018550468608736992,0.5367346405982971,0.2934102714061737,-0.03121456876397133,0.5091896057128906,0.25552454590797424,-0.04294285550713539,0.48630690574645996,0.22365957498550415,-0.052202705293893814,0.6088277697563171,0.33624184131622314,-0.024402853101491928,0.5776827931404114,0.26894518733024597,-0.03817686438560486,0.5592436194419861,0.2271369844675064,-0.04646831005811691,0.5416463613510132,0.19186420738697052,-0.05285528302192688,0.6426279544830322,0.3307613730430603,-0.032588277012109756,0.6283441185951233,0.2764107882976532,-0.044316988438367844,0.6179414391517639,0.24194766581058502,-0.048193998634815216,0.6064649224281311,0.21106502413749695,-0.05119406804442406,Hello
0.6974098682403564,0.5603135824203491,2.1976963182623876e-07,0.6428859829902649,0.5748754739761353,-0.02495841681957245,0.5796089768409729,0.5628975629806519,-0.03748883679509163,0.5311934351921082,0.5464715361595154,-0.04792129248380661,0.4909389019012451,0.5398739576339722,-0.05774194747209549,0.5694609880447388,0.4385330379009247,-0.018988734111189842,0.5145754218101501,0.39564037322998047,-0.03660883381962776,0.4815059006214142,0.3697735667228699,-0.05218993499875069,0.45446598529815674,0.3444235920906067,-0.06414663046598434,0.5901075601577759,0.4004795551300049,-0.020599108189344406,0.5402472019195557,0.3396114408969879,-0.03460117056965828,0.5085394382476807,0.30251315236091614,-0.047552745789289474,0.4812496304512024,0.2713701128959656,-0.05764436349272728,0.6199758052825928,0.3792533278465271,-0.026035254821181297,0.58315110206604,0.3110724687576294,-0.041031140834093094,0.561202883720398,0.2696191668510437,-0.04999307915568352,0.539699912071228,0.2349119633436203,-0.0567411407828331,0.6566309928894043,0.3715112805366516,-0.03420836478471756,0.6397899389266968,0.3144267201423645,-0.047092556953430176,0.6277672052383423,0.2787414789199829,-0.05149567499756813,0.6147027611732483,0.2469892054796219,-0.05462878942489624,Hello
0.6741415858268738,0.726443886756897,1.5346309112374001e-07,0.6314230561256409,0.7097484469413757,-0.012646482326090336,0.5947020649909973,0.6738895773887634,-0.01841890811920166,0.5709479451179504,0.6383978128433228,-0.02387021668255329,0.548645555973053,0.6137717366218567,-0.028693241998553276,0.6114709377288818,0.5933516025543213,-0.002879819832742214,0.5862554907798767,0.5434187650680542,-0.012588554061949253,0.5722472667694092,0.5140026807785034,-0.02222432941198349,0.5623641610145569,0.4868834614753723,-0.02972361259162426,0.6340204477310181,0.5779203176498413,-0.006027603056281805,0.6142567992210388,0.5183847546577454,-0.01295903418213129,0.6030480861663818,0.4826579689979553,-0.020994514226913452,0.594487190246582,0.4536319375038147,-0.02749272622168064,0.6586605906486511,0.5756096243858337,-0.012017359957098961,0.648627758026123,0.5176317691802979,-0.020483987405896187,0.6428903937339783,0.48132991790771484,-0.026516029611229897,0.6371669173240662,0.45099133253097534,-0.031344834715127945,0.685767412185669,0.5837957859039307,-0.019633809104561806,0.6858102679252625,0.5396220684051514,-0.027075456455349922,0.6848059892654419,0.5110292434692383,-0.029565714299678802,0.6824019551277161,0.4851418137550354,-0.0315338633954525,hand_up
0.6755610704421997,0.6643450260162354,1.3124713404977228e-07,0.6357020139694214,0.649761974811554,-0.007943090051412582,0.6000953912734985,0.6186330318450928,-0.010009023360908031,0.5760303139686584,0.5912898778915405,-0.01248304732143879,0.5546086430549622,0.5765018463134766,-0.014674941077828407,0.6175212860107422,0.5452195405960083,0.00405891565605998,0.5938822031021118,0.5002942085266113,-0.0014539393596351147,0.5810332894325256,0.4745088219642639,-0.008494991809129715,0.5720034241676331,0.45079827308654785,-0.014379195868968964,0.6378759741783142,0.5316479802131653,0.0005316294846124947,0.6188744902610779,0.47976794838905334,-0.0023406485561281443,0.6084455251693726,0.4480331540107727,-0.008073290809988976,0.6011339426040649,0.4235245883464813,-0.013176625594496727,0.6607871651649475,0.5293809175491333,-0.005540706217288971,0.6514509916305542,0.47729647159576416,-0.009817729704082012,0.6465447545051575,0.44625234603881836,-0.014124794863164425,0.6420153379440308,0.42090246081352234,-0.01816408522427082,0.6854971647262573,0.5360822081565857,-0.012976447120308876,0.6849170327186584,0.49726366996765137,-0.017123457044363022,0.6839243769645691,0.47271928191185,-0.018398579210042953,0.6827349662780762,0.4501517415046692,-0.019805651158094406,hand_up
0.7413548827171326,0.4482760429382324,1.5643279027699464e-07,0.7080079913139343,0.43438878655433655,-0.012782524339854717,0.6754809021949768,0.40868791937828064,-0.018724091351032257,0.6513437628746033,0.38514676690101624,-0.023677604272961617,0.6319794058799744,0.36741259694099426,-0.02797617018222809,0.6900202631950378,0.3394332826137543,-0.006543934810906649,0.6696422100067139,0.29619908332824707,-0.01481721643358469,0.6589236259460449,0.27132073044776917,-0.022628890350461006,0.6513348817825317,0.24861714243888855,-0.028705399483442307,0.7088950276374817,0.3274765908718109,-0.007653629407286644,0.6930446624755859,0.2787269055843353,-0.013925000093877316,0.6844506859779358,0.24884101748466492,-0.020645013079047203,0.6781511902809143,0.22447313368320465,-0.02602401003241539,0.7293822169303894,0.32715585827827454,-0.011064250953495502,0.7238948941230774,0.27895089983940125,-0.018791528418660164,0.72159743309021,0.24902379512786865,-0.024099750444293022,0.7188096046447754,0.22444839775562286,-0.028058690950274467,0.7513094544410706,0.3353002667427063,-0.015822330489754677,0.7530454397201538,0.29935723543167114,-0.022749023512005806,0.7533599138259888,0.2760307490825653,-0.02514537423849106,0.7526357769966125,0.2548198699951172,-0.026799827814102173,hand_up
0.7252373695373535,0.4516232907772064,1.514141700909022e-07,0.6923218369483948,0.4392569661140442,-0.012430085800588131,0.6597893834114075,0.4151517450809479,-0.018403727561235428,0.6356529593467712,0.3922436237335205,-0.023575516417622566,0.6156191825866699,0.3750138282775879,-0.028193404898047447,0.671768307685852,0.3453749120235443,-0.0062363711185753345,0.6494494080543518,0.30398592352867126,-0.014929527416825294,0.6374232172966003,0.2796226143836975,-0.023027043789625168,0.6290859580039978,0.25701847672462463,-0.02929512970149517,0.6898410320281982,0.33249810338020325,-0.0077828229404985905,0.6723862290382385,0.28427809476852417,-0.01423009391874075,0.6628999710083008,0.25452667474746704,-0.020919373258948326,0.6560541987419128,0.23044568300247192,-0.026304097846150398,0.7101901769638062,0.33116981387138367,-0.011672904714941978,0.7027257680892944,0.2832207679748535,-0.01927138864994049,0.6991768479347229,0.25346463918685913,-0.024257700890302658,0.6954589486122131,0.22897624969482422,-0.028153471648693085,0.7324349284172058,0.3384687602519989,-0.01697099767625332,0.7328901886940002,0.30313289165496826,-0.023678356781601906,0.7324209809303284,0.27995383739471436,-0.02591732144355774,0.7311747074127197,0.2588387131690979,-0.027603628113865852,hand_up
0.7364310026168823,0.5062362551689148,1.6766492194619786e-07,0.7020024657249451,0.49206483364105225,-0.013309325091540813,0.6688254475593567,0.46461132168769836,-0.019260110333561897,0.6442083716392517,0.43916961550712585,-0.024304047226905823,0.6243849992752075,0.41938942670822144,-0.028709758073091507,0.6831955909729004,0.39172929525375366,-0.005927779711782932,0.6617985963821411,0.347259521484375,-0.014572957530617714,0.6506838202476501,0.32083410024642944,-0.022764964029192924,0.6434142589569092,0.2971721887588501,-0.029166141524910927,0.7029868364334106,0.37872225046157837,-0.007418917957693338,0.6858757138252258,0.32677850127220154,-0.014349807053804398,0.6770831346511841,0.2947147488594055,-0.021527940407395363,0.6708323359489441,0.2691625952720642,-0.027129394933581352,0.7247372269630432,0.37815773487091064,-0.011456908658146858,0.7197461724281311,0.326250284910202,-0.020392609760165215,0.717919647693634,0.29392749071121216,-0.026501817628741264,0.7156004905700684,0.2672850489616394,-0.03091016598045826,0.7479391098022461,0.3868773877620697,-0.01685989648103714,0.7518566250801086,0.3486565947532654,-0.024914387613534927,0.7537670135498047,0.3232249617576599,-0.027959084138274193,0.7544759511947632,0.29983633756637573,-0.030085712671279907,hand_up
0.7423796653747559,0.5178597569465637,1.7203457503001118e-07,0.7085281014442444,0.5042693614959717,-0.013615039177238941,0.6746116280555725,0.4773460626602173,-0.020032569766044617,0.6499554514884949,0.45174410939216614,-0.025427935644984245,0.6298037171363831,0.4322981536388397,-0.03018241375684738,0.6887539029121399,0.4046878516674042,-0.007854857482016087,0.6668853163719177,0.3601815104484558,-0.01702304743230343,0.655518651008606,0.3338175415992737,-0.025237005203962326,0.6478858590126038,0.31030040979385376,-0.031505364924669266,0.708513617515564,0.3912978172302246,-0.009297485463321209,0.6914702653884888,0.3384939432144165,-0.01676967926323414,0.6823115348815918,0.30601510405540466,-0.02395428717136383,0.6756273508071899,0.2798084020614624,-0.029407847672700882,0.730212926864624,0.39027637243270874,-0.013150572776794434,0.7251215577125549,0.3380786180496216,-0.02247418463230133,0.7232041358947754,0.30538007616996765,-0.028347628191113472,0.7210122346878052,0.27835094928741455,-0.03241800516843796,0.7536349296569824,0.39842867851257324,-0.018348796293139458,0.7568668127059937,0.3598001301288605,-0.02652956172823906,0.7584618330001831,0.33434921503067017,-0.029228538274765015,0.7588496804237366,0.31126800179481506,-0.030967770144343376,hand_up
0.6962842345237732,0.6835012435913086,1.5452495460976934e-07,0.6613156795501709,0.6699552536010742,-0.010576708242297173,0.6287207007408142,0.6439549326896667,-0.015358730219304562,0.604935884475708,0.6195878982543945,-0.019834527745842934,0.5855356454849243,0.6007945537567139,-0.02379513345658779,0.6435152292251587,0.5745020508766174,-0.003045704448595643,0.6237218976020813,0.5301566123962402,-0.01083058025687933,0.6125845313072205,0.5047931671142578,-0.018675342202186584,0.6044104099273682,0.481852263212204,-0.024803312495350838,0.6618545055389404,0.5631232261657715,-0.005211779847741127,0.645589292049408,0.5133129358291626,-0.010302739217877388,0.6366986632347107,0.48301899433135986,-0.016404781490564346,0.6298424601554871,0.45904335379600525,-0.02147410809993744,0.6821230053901672,0.5623964071273804,-0.009724765084683895,0.6753271222114563,0.5133974552154541,-0.015458319336175919,0.6724250912666321,0.48405134677886963,-0.019510693848133087,0.6689668297767639,0.46029067039489746,-0.02306036837399006,0.7040001749992371,0.5699474215507507,-0.015667740255594254,0.7045778036117554,0.5349506735801697,-0.020418114960193634,0.7041215896606445,0.5129663348197937,-0.021565623581409454,0.70284104347229,0.4933520555496216,-0.0226907916367054,hand_up
0.16463327407836914,0.7941465377807617,6.076498380025441e-07,0.23797281086444855,0.7493618726730347,-0.027680542320013046,0.2971067428588867,0.6731163263320923,-0.033433616161346436,0.3371703028678894,0.60746169090271,-0.03748741000890732,0.3668896555900574,0.5664904713630676,-0.040094923228025436,0.23585650324821472,0.5421518683433533,-0.0020214098040014505,0.2645837068557739,0.4493231177330017,-0.009774471633136272,0.278156042098999,0.39488455653190613,-0.020791063085198402,0.2871677875518799,0.34958022832870483,-0.029524464160203934,0.1909502148628235,0.5305203199386597,0.0006714591290801764,0.20357319712638855,0.4238807260990143,-0.0031245159916579723,0.21017995476722717,0.3592139482498169,-0.013699586503207684,0.214093416929245,0.31020984053611755,-0.022479446604847908,0.14750778675079346,0.5405945181846619,-0.0015194339212030172,0.14416998624801636,0.4426990747451782,-0.008537846617400646,0.1456417292356491,0.38384079933166504,-0.02085152454674244,0.14806795120239258,0.3362906575202942,-0.03048441745340824,0.10322552174329758,0.5697907209396362,-0.007056782953441143,0.08350633084774017,0.5048245787620544,-0.01662057265639305,0.07131154835224152,0.4615129828453064,-0.022785602137446404,0.0633312463760376,0.42089521884918213,-0.02684338390827179,hello
0.7507151961326599,0.7827627062797546,2.6263091967848595e-07,0.6803911924362183,0.7452358603477478,-0.01777241937816143,0.6225368976593018,0.6687008738517761,-0.022744715213775635,0.5843961834907532,0.6025855541229248,-0.02797147072851658,0.5483694076538086,0.5574930906295776,-0.03229912742972374,0.6630021333694458,0.5333340167999268,0.005801067687571049,0.6286677122116089,0.4393691122531891,-0.004189609549939632,0.6106448173522949,0.38550570607185364,-0.01650567352771759,0.5999554395675659,0.33625859022140503,-0.02706175483763218,0.7074753046035767,0.5117000341415405,-0.0006645592511631548,0.6849181056022644,0.4039742350578308,-0.005143745336681604,0.6733426451683044,0.3373822569847107,-0.014931878075003624,0.6653409004211426,0.28692832589149475,-0.02414027228951454,0.7522910833358765,0.5152533054351807,-0.012380123138427734,0.7479824423789978,0.4120340347290039,-0.02072088234126568,0.746665894985199,0.34879443049430847,-0.028662962839007378,0.743691623210907,0.2948581576347351,-0.03631284832954407,0.7967490553855896,0.5373872518539429,-0.02692103013396263,0.8014428019523621,0.45972901582717896,-0.03579535335302353,0.8032770752906799,0.41017383337020874,-0.03873660787940025,0.8029384016990662,0.3631379008293152,-0.04187766835093498,hello
0.7871348261833191,0.7817269563674927,3.2531400506741193e-07,0.7173928618431091,0.7454956769943237,-0.023854447528719902,0.6536504626274109,0.676961362361908,-0.034941911697387695,0.6049115657806396,0.6246609091758728,-0.045016396790742874,0.5623229742050171,0.5925620198249817,-0.05449340492486954,0.7000030875205994,0.5340917706489563,-0.006852233782410622,0.6644306182861328,0.4423478841781616,-0.020412752404808998,0.6461567282676697,0.38977140188217163,-0.03514111787080765,0.6345654129981995,0.3411054015159607,-0.04743818938732147,0.7441719770431519,0.5143758058547974,-0.011231363750994205,0.7229546308517456,0.4099465012550354,-0.01958688162267208,0.7120252251625061,0.34587883949279785,-0.031231779605150223,0.7037896513938904,0.2938215434551239,-0.04167261719703674,0.7896625995635986,0.5202319025993347,-0.020679930225014687,0.7872457504272461,0.4194396734237671,-0.03253406286239624,0.7873169779777527,0.3581565022468567,-0.04159871116280556,0.7850313186645508,0.3044956624507904,-0.049582839012145996,0.8344109654426575,0.5441709756851196,-0.033094897866249084,0.841740608215332,0.4678877592086792,-0.043953679502010345,0.845115065574646,0.4197129011154175,-0.04703180491924286,0.8458821773529053,0.3731549084186554,-0.050134509801864624,hello
0.7842849493026733,0.7805978059768677,2.9474210805346956e-07,0.714583158493042,0.7442296743392944,-0.019720105454325676,0.6524271965026855,0.6731600761413574,-0.02660473808646202,0.6058579683303833,0.6192108392715454,-0.03347908332943916,0.5649035573005676,0.5862824320793152,-0.03938690945506096,0.6963103413581848,0.5350613594055176,0.003580093616619706,0.660224437713623,0.4455588757991791,-0.0070019797421991825,0.6410236358642578,0.3949283957481384,-0.01961280219256878,0.6289787292480469,0.34829181432724,-0.030163966119289398,0.7390866279602051,0.5139914751052856,-0.0019121190998703241,0.7162472605705261,0.41154205799102783,-0.006534031592309475,0.7046000361442566,0.34722423553466797,-0.015288136899471283,0.696128249168396,0.2979041635990143,-0.02332671917974949,0.7834546566009521,0.5173537731170654,-0.012871332466602325,0.779029369354248,0.418210506439209,-0.021858658641576767,0.7788320779800415,0.3575213551521301,-0.02820357121527195,0.7765011191368103,0.3058411777019501,-0.03393783047795296,0.8269681334495544,0.5384840965270996,-0.026865392923355103,0.8330132961273193,0.46429896354675293,-0.03612501919269562,0.8357066512107849,0.4165356159210205,-0.03816086798906326,0.8363656997680664,0.37103337049484253,-0.040073882788419724,hello
0.6423413157463074,0.8545351028442383,1.364236936751695e-07,0.5773690342903137,0.8472404479980469,-0.0021449567284435034,0.5159835815429688,0.8069798946380615,0.0009712657192721963,0.4729876220226288,0.7742034792900085,0.0012683733366429806,0.4380059838294983,0.7588901519775391,0.0010948068229481578,0.5243671536445618,0.6682973504066467,0.021925218403339386,0.48412948846817017,0.6071572303771973,0.01913672871887684,0.46068957448005676,0.5723139643669128,0.0108767319470644,0.44119009375572205,0.5400782227516174,0.0026358296163380146,0.5529394149780273,0.6379252672195435,0.010376234538853168,0.5185546875,0.5544762015342712,0.010363234207034111,0.49768832325935364,0.5050066709518433,0.0030710718128830194,0.480496883392334,0.47080445289611816,-0.004287250805646181,0.5863974690437317,0.6268808841705322,-0.0050870333798229694,0.5692996382713318,0.5405789017677307,-0.009552360512316227,0.5574784278869629,0.48524239659309387,-0.01737920008599758,0.5442410111427307,0.43938493728637695,-0.025181220844388008,0.6217439770698547,0.6328909397125244,-0.021993784233927727,0.6154544949531555,0.5639236569404602,-0.029129067435860634,0.6099381446838379,0.5187269449234009,-0.03316756710410118,0.601867139339447,0.4774973392486572,-0.03742789849638939,hello
0.7778382301330566,0.5402759313583374,2.7318847628521326e-07,0.723198652267456,0.5108323693275452,-0.019999247044324875,0.6731494665145874,0.4644099473953247,-0.027669498696923256,0.6364246010780334,0.423780620098114,-0.03397199138998985,0.6074100732803345,0.3923227787017822,-0.03875015676021576,0.7043606042861938,0.35686030983924866,-0.004521539900451899,0.6768398284912109,0.28447622060775757,-0.01591566577553749,0.660853922367096,0.24391770362854004,-0.028072228655219078,0.6480555534362793,0.20707279443740845,-0.037478189915418625,0.7332192659378052,0.34337931871414185,-0.004852276295423508,0.7127826809883118,0.26543498039245605,-0.011660982854664326,0.7010829448699951,0.21842771768569946,-0.020575322210788727,0.6915085315704346,0.180340975522995,-0.02792942523956299,0.7637860178947449,0.3475979268550873,-0.009260703809559345,0.7574443221092224,0.27348464727401733,-0.01714319922029972,0.7545803189277649,0.22825893759727478,-0.023197762668132782,0.7501741051673889,0.19110827147960663,-0.028360703960061073,0.7960760593414307,0.3651891350746155,-0.016298795118927956,0.8000783920288086,0.3134230971336365,-0.02306598611176014,0.7993959784507751,0.28169071674346924,-0.024750014767050743,0.7972714900970459,0.2528088688850403,-0.026189858093857765,hello
0.49103352427482605,0.3921859860420227,1.984573145819013e-07,0.4272727966308594,0.38871780037879944,-0.011666882783174515,0.3678552806377411,0.3583851158618927,-0.01314540021121502,0.3248105049133301,0.33223438262939453,-0.015372942201793194,0.2913857400417328,0.31586113572120667,-0.017309561371803284,0.3808377981185913,0.24208691716194153,0.010293710976839066,0.33881986141204834,0.18935181200504303,0.003041686024516821,0.3142116665840149,0.15843862295150757,-0.007428456097841263,0.2952849268913269,0.12888911366462708,-0.016005590558052063,0.4085063338279724,0.21412235498428345,0.005768539849668741,0.37361541390419006,0.14751866459846497,0.0035718472208827734,0.35200193524360657,0.10607351362705231,-0.0040016635321080685,0.336076557636261,0.07396063208580017,-0.010984309948980808,0.4415930211544037,0.20110411942005157,-0.003015058347955346,0.42069244384765625,0.13208304345607758,-0.007994706742465496,0.40800806879997253,0.08934049308300018,-0.013768249191343784,0.3970780074596405,0.05456981062889099,-0.019071359187364578,0.4774872362613678,0.20063072443008423,-0.014012155123054981,0.4703008234500885,0.144296795129776,-0.01947205141186714,0.4644938111305237,0.10948708653450012,-0.021015996113419533,0.458732008934021,0.07748518884181976,-0.022663602605462074,hello
0.7186619639396667,0.8284277319908142,2.53908893910193e-07,0.6604598760604858,0.7976105213165283,-0.02269701100885868,0.610145628452301,0.7401983737945557,-0.03317253291606903,0.5762869119644165,0.6888152956962585,-0.04219461604952812,0.5460666418075562,0.6486501693725586,-0.05050685256719589,0.6533077955245972,0.6251823306083679,-0.01198885589838028,0.6260547637939453,0.5456516146659851,-0.027382122352719307,0.6105468273162842,0.4988636076450348,-0.04219483584165573,0.5991354584693909,0.4557740092277527,-0.05383910983800888,0.6876342296600342,0.6091666221618652,-0.014987565577030182,0.6708145141601562,0.5182163715362549,-0.02675769478082657,0.6605088114738464,0.4620640277862549,-0.03950733691453934,0.6523425579071045,0.41506046056747437,-0.04973173514008522,0.7219701409339905,0.6148995161056519,-0.02201581932604313,0.7205813527107239,0.5291376113891602,-0.03571847081184387,0.7200547456741333,0.4760128855705261,-0.04481768608093262,0.7177439332008362,0.4294738173484802,-0.051993366330862045,0.7568710446357727,0.6362851858139038,-0.031619664281606674,0.7643645405769348,0.5747140049934387,-0.04365955665707588,0.7672786712646484,0.5353288650512695,-0.04709550365805626,0.7678040266036987,0.4981108605861664,-0.04979025945067406,hello
0.41324251890182495,0.8198725581169128,1.4074606724534533e-07,0.3529929220676422,0.8262630701065063,-0.0025978577323257923,0.2973710894584656,0.7973513007164001,0.0007576635107398033,0.25866785645484924,0.7665781378746033,0.0017370549030601978,0.22919683158397675,0.7534810900688171,0.0024902874138206244,0.3001517355442047,0.6741119027137756,0.020460376515984535,0.26147162914276123,0.6237926483154297,0.018965931609272957,0.23867247998714447,0.5944387912750244,0.01241184864193201,0.22070997953414917,0.5658892393112183,0.005599226802587509,0.3227046728134155,0.6437198519706726,0.011417243629693985,0.2911854386329651,0.5736710429191589,0.01299887802451849,0.2703188359737396,0.5305559039115906,0.007933255285024643,0.25486063957214355,0.4991316795349121,0.002026953035965562,0.34902164340019226,0.6309678554534912,-0.0012887243647128344,0.3294473886489868,0.5580121278762817,-0.0034689372405409813,0.31421229243278503,0.5128917694091797,-0.00927827414125204,0.2998570203781128,0.4756755828857422,-0.0159636028110981,0.37786269187927246,0.6320526599884033,-0.015579715371131897,0.3696657717227936,0.574622631072998,-0.021249055862426758,0.3607237637042999,0.5374308824539185,-0.025144189596176147,0.35055068135261536,0.50360107421875,-0.029335081577301025,hello
0.372358113527298,0.7006471157073975,1.0069675226986874e-07,0.3100510835647583,0.7096127867698669,0.002091162372380495,0.26245391368865967,0.6872571706771851,0.009262582287192345,0.22723984718322754,0.6618747115135193,0.013247755356132984,0.20249289274215698,0.649905800819397,0.01687205582857132,0.27035507559776306,0.5702887773513794,0.031863465905189514,0.2359284609556198,0.5261536240577698,0.03476742282509804,0.2156676948070526,0.5009387135505676,0.030295712873339653,0.1999308168888092,0.47680720686912537,0.025239553302526474,0.29063886404037476,0.5408084392547607,0.023336654528975487,0.2620781660079956,0.47814762592315674,0.029751533642411232,0.24386616051197052,0.4411449432373047,0.02690296433866024,0.23051263391971588,0.4156525135040283,0.02279709279537201,0.3142045736312866,0.5254307985305786,0.011087321676313877,0.29526838660240173,0.45922625064849854,0.013126574456691742,0.28177791833877563,0.41923820972442627,0.009361260570585728,0.2706134617328644,0.3871515393257141,0.0045521981082856655,0.33964723348617554,0.5220970511436462,-0.0025709245819598436,0.3288179934024811,0.4674980342388153,-0.005130077712237835,0.3214249908924103,0.4329789876937866,-0.007191226352006197,0.3146829605102539,0.4016847610473633,-0.00949183665215969,hello
0.5551642179489136,0.5000218152999878,1.415747306054982e-07,0.49308353662490845,0.4755775034427643,-0.012362594716250896,0.4437042772769928,0.4189372658729553,-0.014259246177971363,0.41473281383514404,0.36837443709373474,-0.016422173008322716,0.3902496099472046,0.3333083391189575,-0.01787790283560753,0.48217397928237915,0.3153975009918213,0.004722262732684612,0.4555661678314209,0.24840271472930908,-0.00222096242941916,0.44340354204177856,0.20931701362133026,-0.011544538661837578,0.4357510805130005,0.1756812036037445,-0.019295673817396164,0.5162625908851624,0.2980870008468628,0.0007232251227833331,0.5005082488059998,0.22138148546218872,-0.001980428583920002,0.49183738231658936,0.17724356055259705,-0.01026610005646944,0.48612987995147705,0.1435224562883377,-0.017737725749611855,0.5507125854492188,0.29692181944847107,-0.006767519749701023,0.5481309294700623,0.22156314551830292,-0.0123066958039999,0.5456568598747253,0.17724470794200897,-0.019542545080184937,0.5433533191680908,0.1418156921863556,-0.026065737009048462,0.5854054689407349,0.30993545055389404,-0.016156774014234543,0.592170774936676,0.2533419132232666,-0.02219931222498417,0.5943542718887329,0.21777571737766266,-0.024719474837183952,0.5952560901641846,0.18703775107860565,-0.026985157281160355,hello
0.21144133806228638,0.7967990636825562,7.069911589496769e-07,0.2814812958240509,0.7641342282295227,-0.031041651964187622,0.3468550741672516,0.7132508754730225,-0.04076429456472397,0.4013672471046448,0.672798752784729,-0.04864805191755295,0.4372384548187256,0.6449019908905029,-0.05441376566886902,0.2969348728656769,0.5670239329338074,0.002785748802125454,0.33117690682411194,0.48732131719589233,-0.0011889808811247349,0.34749874472618103,0.4404986500740051,-0.010549943894147873,0.3601885437965393,0.4007333219051361,-0.017549799755215645,0.2547200322151184,0.5499442219734192,0.009026739746332169,0.2735482454299927,0.4588657319545746,0.013218119740486145,0.28280404210090637,0.40497881174087524,0.007735344115644693,0.29078590869903564,0.3644294738769531,0.0025652474723756313,0.21353155374526978,0.5539970397949219,0.009741345420479774,0.21893036365509033,0.469210684299469,0.01140039972960949,0.22414880990982056,0.4217439889907837,0.005338434129953384,0.23022125661373138,0.3851761519908905,-0.00016682426212355494,0.17130787670612335,0.5766240954399109,0.006072548218071461,0.15605208277702332,0.524065375328064,0.005243661347776651,0.14716094732284546,0.4891095757484436,0.0049307458102703094,0.14338281750679016,0.4602257013320923,0.005266065243631601,hello
0.43117281794548035,0.9118876457214355,3.5174031154383556e-07,0.4972926676273346,0.913090705871582,-0.013823500834405422,0.5580738186836243,0.8749216794967651,-0.017737923189997673,0.6014238595962524,0.8468798995018005,-0.023162180557847023,0.6334553360939026,0.8329905271530151,-0.028792215511202812,0.5546019077301025,0.7272850275039673,-0.0018577835289761424,0.5995208024978638,0.6646502614021301,-0.013998614624142647,0.6275864839553833,0.6253637671470642,-0.026910362765192986,0.649429202079773,0.5907382369041443,-0.03742925077676773,0.5256825089454651,0.6968178153038025,-0.009008241817355156,0.5622201561927795,0.6098752021789551,-0.019558755680918694,0.5854358673095703,0.555844783782959,-0.031791724264621735,0.6019317507743835,0.5103123784065247,-0.04154094308614731,0.49177631735801697,0.6869405508041382,-0.019570836797356606,0.5168322324752808,0.5970190167427063,-0.033316705375909805,0.5344750285148621,0.5433436632156372,-0.04696088656783104,0.5485069751739502,0.49697965383529663,-0.05688483268022537,0.45245957374572754,0.6951091289520264,-0.03195776045322418,0.45034003257751465,0.6213107109069824,-0.048201579600572586,0.45027345418930054,0.5708803534507751,-0.05769849196076393,0.4520403742790222,0.5245006680488586,-0.06391261518001556,hello
0.2064148634672165,0.8305684328079224,6.297057097981451e-07,0.278874933719635,0.7955158352851868,-0.035118941217660904,0.34460264444351196,0.7296174168586731,-0.04731496423482895,0.3952747583389282,0.6691042184829712,-0.056708384305238724,0.4345765709877014,0.6261675357818604,-0.06414281576871872,0.29910147190093994,0.5885254144668579,-0.011702802032232285,0.3327837586402893,0.5001703500747681,-0.024243028834462166,0.3489110469818115,0.4450860023498535,-0.03808733820915222,0.36075034737586975,0.39905667304992676,-0.048525620251894,0.2555410861968994,0.5681877732276917,-0.007592854090034962,0.27589577436447144,0.46370047330856323,-0.015180790796875954,0.2865797281265259,0.40072745084762573,-0.02661827951669693,0.2945061922073364,0.3510323166847229,-0.03545243665575981,0.21145738661289215,0.5712968707084656,-0.008989674970507622,0.2170010507106781,0.47391754388809204,-0.0197015181183815,0.22328929603099823,0.4153285026550293,-0.031351495534181595,0.2306748777627945,0.3668714463710785,-0.04000034183263779,0.1654474437236786,0.594249427318573,-0.014368261210620403,0.15110477805137634,0.5284696817398071,-0.02641347050666809,0.14294417202472687,0.4844158887863159,-0.03220437467098236,0.13963186740875244,0.44364216923713684,-0.03554140403866768,hello
0.25584620237350464,0.4655382037162781,6.081634182919515e-07,0.3226988911628723,0.44343101978302,-0.03176901116967201,0.38306039571762085,0.4003795385360718,-0.04156960919499397,0.42876625061035156,0.354289174079895,-0.04857294633984566,0.46039333939552307,0.3246684968471527,-0.054097943007946014,0.3468713164329529,0.26972758769989014,-0.010374732315540314,0.38567978143692017,0.19482514262199402,-0.021238530054688454,0.4049690365791321,0.14662405848503113,-0.03273823484778404,0.41888347268104553,0.10652084648609161,-0.04094979166984558,0.31026607751846313,0.2493930608034134,-0.005143661983311176,0.3362399935722351,0.16076309978961945,-0.011010759510099888,0.3500237464904785,0.10557621717453003,-0.019861511886119843,0.35958632826805115,0.06452779471874237,-0.026375003159046173,0.27285236120224,0.2499852329492569,-0.0048830448649823666,0.2782573699951172,0.16668887436389923,-0.013563279993832111,0.285521000623703,0.11496235430240631,-0.02384752780199051,0.2939609885215759,0.07505536079406738,-0.031117698177695274,0.2317351996898651,0.2683669924736023,-0.008242510259151459,0.21372660994529724,0.2128414809703827,-0.01928502880036831,0.205158531665802,0.17349863052368164,-0.025456979870796204,0.20272794365882874,0.13841676712036133,-0.02867220900952816,hello
0.16480588912963867,0.5620384812355042,5.517158001566713e-07,0.23062117397785187,0.527644157409668,-0.03516272082924843,0.28881484270095825,0.46977975964546204,-0.04714316502213478,0.3274775445461273,0.4084872305393219,-0.05554575100541115,0.35236963629722595,0.3624473214149475,-0.0627187192440033,0.23604457080364227,0.34504473209381104,-0.022156940773129463,0.2619559168815613,0.25256508588790894,-0.03724726662039757,0.27139046788215637,0.19515618681907654,-0.050634175539016724,0.2769638001918793,0.14796152710914612,-0.06005535647273064,0.1953524500131607,0.3305966258049011,-0.016821404919028282,0.20595388114452362,0.22711201012134552,-0.028057577088475227,0.20858104526996613,0.16228090226650238,-0.04090213403105736,0.20807500183582306,0.11507602035999298,-0.04997033625841141,0.15691642463207245,0.3389299213886261,-0.01573783904314041,0.14879563450813293,0.2463609129190445,-0.02852761559188366,0.14483925700187683,0.18948493897914886,-0.04138157144188881,0.14308825135231018,0.14594243466854095,-0.05028025805950165,0.11925601214170456,0.36639603972435,-0.01814785785973072,0.09405187517404556,0.3120102882385254,-0.03228621184825897,0.08011308312416077,0.2736084759235382,-0.039986614137887955,0.07143495976924896,0.23927083611488342,-0.043978434056043625,hello
0.18683867156505585,0.9362696409225464,5.917015641898615e-07,0.2545813322067261,0.8980328440666199,-0.03333907946944237,0.3138597011566162,0.8330533504486084,-0.046187564730644226,0.3544303774833679,0.7691153287887573,-0.056356921792030334,0.381991982460022,0.7199238538742065,-0.0652327686548233,0.26033803820610046,0.6984654068946838,-0.022415680810809135,0.2943337559700012,0.6065266132354736,-0.040247511118650436,0.3099839985370636,0.5480051040649414,-0.05562020465731621,0.3208045959472656,0.49872884154319763,-0.06671866774559021,0.2164456993341446,0.6812812089920044,-0.0207358431071043,0.23103483021259308,0.5724039077758789,-0.03478224575519562,0.23756043612957,0.504791796207428,-0.048826027661561966,0.24105732142925262,0.45154279470443726,-0.05905092507600784,0.17403756082057953,0.6895326972007751,-0.023511124774813652,0.16894857585430145,0.5900527238845825,-0.03946768492460251,0.16782040894031525,0.5285665392875671,-0.053918514400720596,0.16865751147270203,0.47717052698135376,-0.0640026107430458,0.13284415006637573,0.720807671546936,-0.029576942324638367,0.10570778697729111,0.6577267646789551,-0.046931192278862,0.08890344202518463,0.6143085956573486,-0.055863361805677414,0.07710999250411987,0.57265704870224,-0.06079471856355667,hello
0.7512756586074829,0.9482241868972778,4.08665641771222e-07,0.8299746513366699,0.937564492225647,-0.01710372604429722,0.891938328742981,0.8771216869354248,-0.022904518991708755,0.9371803402900696,0.8320057392120361,-0.030228465795516968,0.9740148782730103,0.8085767030715942,-0.03816321864724159,0.8585406541824341,0.7239914536476135,-0.00927465409040451,0.9014356732368469,0.6463315486907959,-0.025972777977585793,0.9295753240585327,0.5973814129829407,-0.04232526943087578,0.9518705010414124,0.5529676079750061,-0.05557015910744667,0.822574257850647,0.699998140335083,-0.017623325809836388,0.8431328535079956,0.5932415723800659,-0.032003387808799744,0.8605616688728333,0.5272005200386047,-0.04736492782831192,0.8720360994338989,0.46966904401779175,-0.059386685490608215,0.7864700555801392,0.7021186947822571,-0.029434219002723694,0.7937497496604919,0.600239634513855,-0.04669611528515816,0.8043153285980225,0.5336710214614868,-0.06232830509543419,0.8127835988998413,0.47299736738204956,-0.07368840277194977,0.7505617737770081,0.7268148064613342,-0.04336801916360855,0.7323654294013977,0.6518386602401733,-0.0627637580037117,0.7240490317344666,0.598163366317749,-0.07317816466093063,0.7178693413734436,0.5480432510375977,-0.07999768108129501,hello
0.3534262180328369,0.6065654754638672,5.333316721589654e-07,0.4176259934902191,0.5802470445632935,-0.02803136594593525,0.475212961435318,0.528219997882843,-0.039006609469652176,0.517596960067749,0.4834029972553253,-0.04831599444150925,0.5497225522994995,0.45228517055511475,-0.056673645973205566,0.43051740527153015,0.3941776752471924,-0.01591412164270878,0.46228620409965515,0.315628319978714,-0.030484046787023544,0.4788961410522461,0.2667766809463501,-0.04409201815724373,0.4915251135826111,0.22685228288173676,-0.05382828786969185,0.39050912857055664,0.3764702081680298,-0.015096739865839481,0.4059571325778961,0.280952125787735,-0.02531621977686882,0.41468846797943115,0.2227553129196167,-0.036719899624586105,0.42123398184776306,0.17980211973190308,-0.045243196189403534,0.35131147503852844,0.38132908940315247,-0.018412889912724495,0.35270175337791443,0.2936290502548218,-0.030699003487825394,0.35700517892837524,0.24143923819065094,-0.04220779612660408,0.36323365569114685,0.2002793550491333,-0.05036098137497902,0.3119071424007416,0.4068228602409363,-0.024758972227573395,0.2915140986442566,0.348699688911438,-0.03819592297077179,0.2798064351081848,0.3099266290664673,-0.044597260653972626,0.2731977701187134,0.27411821484565735,-0.04808453097939491,hello
0.5983666181564331,0.6564584970474243,4.532525679223909e-07,0.6765132546424866,0.6502856612205505,-0.02007686346769333,0.7408287525177002,0.608333170413971,-0.024509338662028313,0.7796411514282227,0.5683948993682861,-0.02868746779859066,0.8093608021736145,0.544645369052887,-0.03277138993144035,0.7029493451118469,0.45841965079307556,-0.0048129139468073845,0.7431480884552002,0.38962817192077637,-0.015829158946871758,0.7666383385658264,0.34527087211608887,-0.027572182938456535,0.7851009964942932,0.307751327753067,-0.03675401583313942,0.6638561487197876,0.4332122504711151,-0.006498295348137617,0.6853928565979004,0.340629518032074,-0.015364401042461395,0.6992738842964172,0.2857719957828522,-0.026396477594971657,0.7098524570465088,0.24193744361400604,-0.03497353941202164,0.6248999834060669,0.42973417043685913,-0.011867206543684006,0.6352444887161255,0.3394484519958496,-0.024437637999653816,0.6439359784126282,0.2847879230976105,-0.03712453320622444,0.6514465808868408,0.23971961438655853,-0.045824211090803146,0.5843871831893921,0.44504934549331665,-0.019451269879937172,0.5708554983139038,0.3763655424118042,-0.034418217837810516,0.5634836554527283,0.3300091028213501,-0.04244532436132431,0.5583988428115845,0.28816258907318115,-0.046932801604270935,hello
0.684501588344574,0.4204818606376648,5.080962068859662e-07,0.7554147243499756,0.4367060363292694,-0.022683938965201378,0.8192240595817566,0.42599302530288696,-0.03136187791824341,0.8667903542518616,0.4051454961299896,-0.03968411684036255,0.896977424621582,0.3926652669906616,-0.04774586483836174,0.8129728436470032,0.2707846164703369,-0.0064344871789216995,0.8619189262390137,0.22090300917625427,-0.01580912247300148,0.8904587030410767,0.1842818707227707,-0.02538834884762764,0.9104070663452148,0.15592922270298004,-0.032255079597234726,0.7780703902244568,0.23355549573898315,-0.005986860487610102,0.8140222430229187,0.15372814238071442,-0.01051108818501234,0.8320090770721436,0.10876408219337463,-0.016224099323153496,0.8458511233329773,0.074521005153656,-0.0209566131234169,0.7402544617652893,0.2156585454940796,-0.00970433559268713,0.7628291249275208,0.13530415296554565,-0.017628159373998642,0.7771549224853516,0.08817450702190399,-0.02586204744875431,0.7892560958862305,0.05187810957431793,-0.03200623393058777,0.6978427767753601,0.2141701877117157,-0.016237083822488785,0.690764844417572,0.14757506549358368,-0.0273880697786808,0.688774824142456,0.1025945395231247,-0.03307734429836273,0.6905215382575989,0.06253999471664429,-0.03605634719133377,hello
0.16840629279613495,0.8297324180603027,5.598375310000847e-07,0.23359081149101257,0.762353777885437,-0.027236757799983025,0.2789505124092102,0.6779598593711853,-0.03244282677769661,0.3026183843612671,0.6007269620895386,-0.03678100183606148,0.30851733684539795,0.5471246242523193,-0.04007284343242645,0.19455178081989288,0.581093430519104,0.001220588106662035,0.20542775094509125,0.49060487747192383,-0.005371954757720232,0.20813950896263123,0.43435996770858765,-0.01376037485897541,0.2076074779033661,0.39194297790527344,-0.02009033039212227,0.14820295572280884,0.5860676169395447,0.0037026654463261366,0.1354701817035675,0.4878336191177368,0.00014639899018220603,0.1274617314338684,0.4289647042751312,-0.0077817500568926334,0.12070036679506302,0.38339900970458984,-0.014118493534624577,0.10897503048181534,0.6097536683082581,0.0006635966128669679,0.08165323734283447,0.5263409614562988,-0.007900437340140343,0.06629404425621033,0.4717319905757904,-0.019361164420843124,0.05537676066160202,0.42799603939056396,-0.02771197445690632,0.0725243091583252,0.6499511003494263,-0.005745077971369028,0.03262627124786377,0.6017403602600098,-0.01835913583636284,0.006062313914299011,0.5659134387969971,-0.026615558192133904,-0.01467578113079071,0.5336629152297974,-0.03143784776329994,hello
0.23737822473049164,0.8452134132385254,5.293710501064197e-07,0.3049875497817993,0.7874698638916016,-0.028407961130142212,0.35243213176727295,0.7009826898574829,-0.03413379192352295,0.3751641511917114,0.6245899796485901,-0.03790319338440895,0.3864143192768097,0.5725027322769165,-0.04048899561166763,0.2709735929965973,0.5915306210517883,-0.007289682049304247,0.28567948937416077,0.4988436698913574,-0.017513373866677284,0.2914970815181732,0.4419671893119812,-0.02871924638748169,0.2932550609111786,0.39678269624710083,-0.03737238422036171,0.22448964416980743,0.5916910767555237,-0.00532924709841609,0.21513396501541138,0.4867676794528961,-0.013361084274947643,0.20977115631103516,0.4233250319957733,-0.024515099823474884,0.20409318804740906,0.37572064995765686,-0.033003780990839005,0.18472835421562195,0.6127960681915283,-0.008199243806302547,0.1612691879272461,0.5213074684143066,-0.020454784855246544,0.1493391990661621,0.46299809217453003,-0.03434988111257553,0.14017236232757568,0.41458284854888916,-0.04411211609840393,0.1483384668827057,0.6527175307273865,-0.014102976769208908,0.11227837204933167,0.5976626873016357,-0.02938033454120159,0.08886900544166565,0.5591303110122681,-0.038739196956157684,0.06979486346244812,0.521958589553833,-0.04429672285914421,hello
0.44968584179878235,0.9336746335029602,4.0425970837532077e-07,0.5261821746826172,0.9277526140213013,-0.017946625128388405,0.5967527627944946,0.8732704520225525,-0.022404426708817482,0.6433701515197754,0.8271676301956177,-0.027601351961493492,0.6791718602180481,0.7991891503334045,-0.03285012021660805,0.5782328844070435,0.7230166792869568,-0.005618085619062185,0.6264614462852478,0.6546502113342285,-0.020757796242833138,0.6566222906112671,0.610144317150116,-0.036053817719221115,0.6799702644348145,0.5707287788391113,-0.04825204983353615,0.5434305667877197,0.6919748783111572,-0.012361194007098675,0.5803028345108032,0.5941435098648071,-0.02665882557630539,0.603552520275116,0.5312613248825073,-0.041420646011829376,0.6201170682907104,0.47652795910835266,-0.052527207881212234,0.5044434070587158,0.6846686601638794,-0.02297794818878174,0.5273274779319763,0.5848121047019958,-0.04027065262198448,0.5454305410385132,0.5239467620849609,-0.055072080343961716,0.5612906217575073,0.46889573335647583,-0.06543295085430145,0.46079376339912415,0.6974999904632568,-0.03572889044880867,0.4555841088294983,0.6184872388839722,-0.054761309176683426,0.4548996090888977,0.5642339587211609,-0.06474403291940689,0.4574838876724243,0.512356162071228,-0.07106819748878479,hello
0.27704620361328125,0.8028002381324768,5.328572001417342e-07,0.349579781293869,0.7574756741523743,-0.02857363037765026,0.40899351239204407,0.6801828145980835,-0.036896463483572006,0.44206881523132324,0.6132509708404541,-0.04371149465441704,0.4669319689273834,0.5633326172828674,-0.05000064894556999,0.3524603843688965,0.5503448843955994,-0.01630622334778309,0.37798523902893066,0.4567897915840149,-0.03282923623919487,0.3925201892852783,0.40144598484039307,-0.04738732427358627,0.4041192829608917,0.35514095425605774,-0.057787735015153885,0.30419760942459106,0.5356547236442566,-0.016530027613043785,0.31137439608573914,0.4284132122993469,-0.03040562942624092,0.31688186526298523,0.36485612392425537,-0.04334697872400284,0.320234090089798,0.3165813684463501,-0.05238411948084831,0.25918397307395935,0.544730544090271,-0.021353838965296745,0.2509944438934326,0.4449295699596405,-0.037619832903146744,0.2480820119380951,0.38369613885879517,-0.05122057721018791,0.24753651022911072,0.3334431052207947,-0.06026875972747803,0.2161553055047989,0.5761691927909851,-0.029238909482955933,0.18925511837005615,0.508857786655426,-0.046883344650268555,0.17311035096645355,0.4641169309616089,-0.05603516846895218,0.16065363585948944,0.4228214919567108,-0.060858093202114105,hello
0.17923209071159363,0.8982811570167542,6.036454465174756e-07,0.2527489960193634,0.8491684794425964,-0.029991382732987404,0.31408458948135376,0.7729195952415466,-0.039186909794807434,0.3510535955429077,0.7028475999832153,-0.046499814838171005,0.37423771619796753,0.6504141092300415,-0.05242796242237091,0.24946369230747223,0.6357535123825073,-0.011917395517230034,0.27829980850219727,0.5374113321304321,-0.025788413360714912,0.29222047328948975,0.47833091020584106,-0.03970803692936897,0.3017478585243225,0.4290030896663666,-0.05005892366170883,0.20151078701019287,0.6244060397148132,-0.011309435591101646,0.2104666382074356,0.5097278356552124,-0.021569181233644485,0.2148413509130478,0.44177570939064026,-0.03460215404629707,0.21741630136966705,0.39001569151878357,-0.0445062555372715,0.15626351535320282,0.6378383636474609,-0.01550209242850542,0.1476483941078186,0.5340770483016968,-0.029103193432092667,0.14478284120559692,0.4695005714893341,-0.0434858575463295,0.14449168741703033,0.4162726104259491,-0.05382898822426796,0.11172028630971909,0.6732985377311707,-0.02287265844643116,0.08195427060127258,0.606294572353363,-0.03903430700302124,0.06309852004051208,0.5599527359008789,-0.047680240124464035,0.04940418899059296,0.5156469345092773,-0.0526130385696888,hello
0.24477232992649078,0.5617464184761047,5.837733851876692e-07,0.31767845153808594,0.5345548391342163,-0.02966739423573017,0.3823552131652832,0.4826449453830719,-0.03830151632428169,0.42414355278015137,0.4259028434753418,-0.04482283070683479,0.4460327923297882,0.3818627893924713,-0.05005524680018425,0.3317953944206238,0.3511955440044403,-0.009724746458232403,0.3688822388648987,0.27178436517715454,-0.020776238292455673,0.38731396198272705,0.22336287796497345,-0.031640663743019104,0.4004477858543396,0.18471477925777435,-0.03934268653392792,0.29036715626716614,0.33317556977272034,-0.006119106896221638,0.3095870614051819,0.23753178119659424,-0.01351036038249731,0.31984710693359375,0.1813540756702423,-0.02303198166191578,0.3279079794883728,0.14016692340373993,-0.029988281428813934,0.2499062716960907,0.33603668212890625,-0.007274519186466932,0.2504901885986328,0.24599282443523407,-0.01814563013613224,0.2535153329372406,0.1910998821258545,-0.029868852347135544,0.2591964304447174,0.147877499461174,-0.038076527416706085,0.20846492052078247,0.35828402638435364,-0.01159489806741476,0.18740105628967285,0.2997143864631653,-0.025509335100650787,0.17439737915992737,0.25769978761672974,-0.03341669216752052,0.16624252498149872,0.2197064459323883,-0.037602756172418594,hello
0.48084425926208496,0.4561305344104767,6.74509692544234e-07,0.5484422445297241,0.47044485807418823,-0.03391155228018761,0.6167100071907043,0.45409250259399414,-0.05008343607187271,0.6680402755737305,0.4270680546760559,-0.06473292410373688,0.7124063968658447,0.41018640995025635,-0.07911838591098785,0.6134893894195557,0.2972813546657562,-0.018983300775289536,0.666763961315155,0.24083195626735687,-0.042063575237989426,0.7029807567596436,0.2046097218990326,-0.06242423132061958,0.7348024249076843,0.17852476239204407,-0.07546152919530869,0.5797151327133179,0.2582632899284363,-0.016795912757515907,0.6162751913070679,0.17433768510818481,-0.03387947008013725,0.6429702639579773,0.12543334066867828,-0.05037954822182655,0.6665617227554321,0.09033924341201782,-0.06183144077658653,0.5409972071647644,0.24126781523227692,-0.019885228946805,0.5580259561538696,0.1584840565919876,-0.03791480511426926,0.571224570274353,0.10512572526931763,-0.05154384672641754,0.5852603912353516,0.06288543343544006,-0.060222554951906204,0.49671471118927,0.24143557250499725,-0.02658606506884098,0.49361225962638855,0.1724482625722885,-0.04331241175532341,0.49509692192077637,0.1230686753988266,-0.050907813012599945,0.5003857016563416,0.07755017280578613,-0.054888591170310974,hello
0.6011853218078613,0.376407265663147,6.169072435113776e-07,0.6606087684631348,0.4208184480667114,-0.032017648220062256,0.7294253706932068,0.4407903552055359,-0.04508296400308609,0.7852811813354492,0.44422367215156555,-0.05536436289548874,0.8286881446838379,0.44278109073638916,-0.06443090736865997,0.7712772488594055,0.30666592717170715,-0.018962189555168152,0.8383716940879822,0.2873949408531189,-0.03467791527509689,0.8787147998809814,0.2704325020313263,-0.04826759174466133,0.910446286201477,0.2551723122596741,-0.05774855613708496,0.7532206773757935,0.25464504957199097,-0.01581449992954731,0.8169102668762207,0.20957782864570618,-0.027654604986310005,0.8566576242446899,0.18133947253227234,-0.039096105843782425,0.8875048160552979,0.16068077087402344,-0.04739996790885925,0.7230673432350159,0.21775096654891968,-0.01739075593650341,0.7731918096542358,0.15988397598266602,-0.03167668357491493,0.8061911463737488,0.12448756396770477,-0.044602230191230774,0.8358110785484314,0.0990842878818512,-0.05356043949723244,0.6825993061065674,0.19417864084243774,-0.022138673812150955,0.701439380645752,0.1346733123064041,-0.038644030690193176,0.716399073600769,0.09389354288578033,-0.04776451736688614,0.7350754141807556,0.05896855890750885,-0.052869975566864014,hello
0.5836671590805054,0.7201862931251526,3.970486091020575e-07,0.6098499894142151,0.7955823540687561,-0.02013685554265976,0.6521698832511902,0.8539119362831116,-0.02824832685291767,0.688532829284668,0.8849127292633057,-0.03582872450351715,0.7163563370704651,0.910961389541626,-0.04343714565038681,0.7286654710769653,0.7741014361381531,-0.012254202738404274,0.7864201664924622,0.7947262525558472,-0.02572624199092388,0.8215077519416809,0.8058045506477356,-0.037420522421598434,0.8499915599822998,0.8127274513244629,-0.045400626957416534,0.7344395518302917,0.72099769115448,-0.013705405406653881,0.7986574172973633,0.7256985902786255,-0.024896765127778053,0.8384115695953369,0.7259690761566162,-0.03602041304111481,0.8694589138031006,0.7236020565032959,-0.04392125830054283,0.7262985110282898,0.6698588728904724,-0.018295586109161377,0.7860260009765625,0.6596537232398987,-0.03177982568740845,0.8219680786132812,0.6558893918991089,-0.042571183294057846,0.8515164256095886,0.6552744507789612,-0.04948350787162781,0.7058765888214111,0.6214475035667419,-0.024748031049966812,0.7470572590827942,0.5915163159370422,-0.03807619586586952,0.772323727607727,0.573281466960907,-0.04324537143111229,0.7952419519424438,0.5604901909828186,-0.045694686472415924,hello
0.5107448697090149,0.7053826451301575,4.78985668905807e-07,0.5480158925056458,0.7760246992111206,-0.0210214052349329,0.5960127711296082,0.8231021165847778,-0.029423197731375694,0.6382421851158142,0.8528693914413452,-0.036970701068639755,0.6715766191482544,0.8797944784164429,-0.04408269003033638,0.6688348650932312,0.7267700433731079,-0.009131236001849174,0.7312262654304504,0.7422119379043579,-0.021017245948314667,0.769131600856781,0.7493928670883179,-0.03246617689728737,0.8004767298698425,0.7540735602378845,-0.04078993201255798,0.6703438758850098,0.6739175319671631,-0.009617729112505913,0.7389076948165894,0.6650551557540894,-0.019094018265604973,0.780176043510437,0.6579617261886597,-0.029662922024726868,0.8126172423362732,0.6526836156845093,-0.03724668547511101,0.6570374369621277,0.6284083724021912,-0.013542181812226772,0.7167662382125854,0.6066904664039612,-0.026229383423924446,0.7550438642501831,0.5964304208755493,-0.038036830723285675,0.7875394821166992,0.590316891670227,-0.045945752412080765,0.6320399641990662,0.5899296402931213,-0.019423693418502808,0.666946530342102,0.5533530712127686,-0.033278945833444595,0.690436840057373,0.5295252799987793,-0.04009789228439331,0.7133015394210815,0.5108864307403564,-0.04360700398683548,hello
0.3524055480957031,0.6196553707122803,3.798411114530609e-07,0.3906974792480469,0.6769808530807495,-0.02118573896586895,0.44195565581321716,0.7186322808265686,-0.03058748133480549,0.48384207487106323,0.7479140758514404,-0.03917340189218521,0.5133561491966248,0.7697228193283081,-0.04774988815188408,0.518506646156311,0.634097158908844,-0.015089943073689938,0.5771183371543884,0.6439276933670044,-0.03171985223889351,0.6136283278465271,0.6472898721694946,-0.047407444566488266,0.6430478692054749,0.6486585736274719,-0.058299142867326736,0.5180169343948364,0.5863675475120544,-0.01723136380314827,0.5829784274101257,0.5800026655197144,-0.03082868829369545,0.6242886185646057,0.5692417621612549,-0.04514385759830475,0.6569545269012451,0.5584850311279297,-0.05558113753795624,0.5035165548324585,0.5453698039054871,-0.02222863957285881,0.5614551305770874,0.5292742848396301,-0.03587539121508598,0.596454381942749,0.5159331560134888,-0.04719660431146622,0.6244675517082214,0.5050687193870544,-0.055189430713653564,0.4756579101085663,0.5095362067222595,-0.029452402144670486,0.5084556341171265,0.47222208976745605,-0.042225126177072525,0.5317157506942749,0.44791632890701294,-0.04768287390470505,0.5517685413360596,0.42887401580810547,-0.050508975982666016,hello
0.27706992626190186,0.5082591772079468,4.676175819895434e-07,0.32304179668426514,0.5473717451095581,-0.024905240163207054,0.3733466565608978,0.5748927593231201,-0.036164749413728714,0.41773948073387146,0.595659613609314,-0.04579473286867142,0.4496954083442688,0.6110484004020691,-0.054367922246456146,0.42492538690567017,0.477109432220459,-0.0143129862844944,0.48371896147727966,0.4701940417289734,-0.027580557391047478,0.5175955295562744,0.46084654331207275,-0.040339626371860504,0.5448622703552246,0.45284023880958557,-0.04919765889644623,0.4159809947013855,0.433337539434433,-0.012412295676767826,0.4751317501068115,0.40444689989089966,-0.021625887602567673,0.5104126334190369,0.3851962089538574,-0.03246908634901047,0.5362192988395691,0.37199264764785767,-0.040468163788318634,0.3965827524662018,0.4026772975921631,-0.013865995220839977,0.44539740681648254,0.3663957118988037,-0.023792186751961708,0.4737462103366852,0.345439612865448,-0.033338677138090134,0.49584537744522095,0.33219993114471436,-0.04011588171124458,0.36790284514427185,0.38249069452285767,-0.01796666905283928,0.3916231691837311,0.34182727336883545,-0.028061753138899803,0.4085175693035126,0.31740057468414307,-0.03268773481249809,0.4246499240398407,0.29966628551483154,-0.034890610724687576,hello
0.2382727861404419,0.5184882283210754,3.328069624330965e-07,0.2860795855522156,0.47462859749794006,-0.015818482264876366,0.32146042585372925,0.4242308437824249,-0.016667285934090614,0.341573029756546,0.3807559907436371,-0.0179789699614048,0.35616520047187805,0.35138243436813354,-0.01939058117568493,0.2560277283191681,0.356511652469635,0.00815103854984045,0.2604596018791199,0.29505497217178345,0.006237803027033806,0.26266616582870483,0.2604745626449585,0.0007177887600846589,0.26188012957572937,0.23196905851364136,-0.004245214629918337,0.2204056680202484,0.36280351877212524,0.008807890117168427,0.21065692603588104,0.300619900226593,0.008986840955913067,0.20497946441173553,0.26530060172080994,0.002836444415152073,0.19973573088645935,0.2396867871284485,-0.0029921378009021282,0.1916341781616211,0.38277387619018555,0.0056638033129274845,0.16907331347465515,0.32849204540252686,0.001620088703930378,0.15683665871620178,0.29627394676208496,-0.007723623886704445,0.1479189395904541,0.26864081621170044,-0.01549261249601841,0.16549959778785706,0.4153590798377991,0.0003966611111536622,0.13590729236602783,0.3885737359523773,-0.007343449164181948,0.11581158638000488,0.3686079978942871,-0.013464863412082195,0.10065487027168274,0.34761756658554077,-0.017948802560567856,hello
0.3554099500179291,0.6651732325553894,4.5205206333776005e-07,0.4183869957923889,0.6458705067634583,-0.024950765073299408,0.4765324592590332,0.5986642837524414,-0.03441924229264259,0.5175559520721436,0.5534403920173645,-0.04274715855717659,0.5494178533554077,0.5273063778877258,-0.05039536952972412,0.43915635347366333,0.46761688590049744,-0.01333009172230959,0.47184714674949646,0.39619824290275574,-0.026920834556221962,0.48907631635665894,0.3522831201553345,-0.039919156581163406,0.5022443532943726,0.3153218626976013,-0.0494333915412426,0.40179696679115295,0.44672825932502747,-0.01325151976197958,0.41725507378578186,0.3560415804386139,-0.022724736481904984,0.4262999892234802,0.30247509479522705,-0.033600907772779465,0.43207505345344543,0.26299989223480225,-0.04178924113512039,0.36472460627555847,0.44777876138687134,-0.01691271923482418,0.36568188667297363,0.36392587423324585,-0.028470270335674286,0.3692176043987274,0.3134394586086273,-0.039987146854400635,0.37323957681655884,0.2746713161468506,-0.04820200055837631,0.3275437355041504,0.4688466787338257,-0.02329877018928528,0.3067949414253235,0.4137043356895447,-0.03608313947916031,0.294335275888443,0.3767501413822174,-0.042519647628068924,0.2852000296115875,0.3441953659057617,-0.04601622000336647,hello
0.435958594083786,0.6984742283821106,4.6424551669588254e-07,0.49850523471832275,0.6871812343597412,-0.026958907023072243,0.5593816041946411,0.649004340171814,-0.03945485129952431,0.6035957336425781,0.6163009405136108,-0.05093937739729881,0.6414399743080139,0.6012475490570068,-0.06219596043229103,0.5302914381027222,0.5141610503196716,-0.01841011457145214,0.565004289150238,0.4468958079814911,-0.03574270009994507,0.5850473046302795,0.40610039234161377,-0.051065992563962936,0.6020362377166748,0.37101447582244873,-0.062094468623399734,0.49317705631256104,0.4880512058734894,-0.019114036113023758,0.5129149556159973,0.40102261304855347,-0.03230318799614906,0.526101291179657,0.3503659665584564,-0.04496336355805397,0.5361425876617432,0.3115382790565491,-0.054257798939943314,0.455708771944046,0.484308660030365,-0.02373671717941761,0.462710976600647,0.3998439908027649,-0.038043063133955,0.4692751467227936,0.3488747179508209,-0.05043482780456543,0.4764174520969391,0.30833467841148376,-0.05904172360897064,0.41823774576187134,0.5009765625,-0.03125031292438507,0.40231484174728394,0.44057926535606384,-0.04560887813568115,0.3928649425506592,0.4009329080581665,-0.05247534066438675,0.3869130313396454,0.36538612842559814,-0.05628788843750954,hello
0.6715027689933777,0.7579531669616699,3.1897596386443183e-07,0.7349421977996826,0.760802149772644,-0.012381340377032757,0.7838705778121948,0.7310070991516113,-0.0166194848716259,0.8178504109382629,0.7064441442489624,-0.02251003123819828,0.8444308638572693,0.6965926885604858,-0.028642989695072174,0.7745767831802368,0.5893067121505737,-0.0013020214391872287,0.8114049434661865,0.5330420136451721,-0.013193342834711075,0.8353578448295593,0.49680715799331665,-0.025737402960658073,0.8538735508918762,0.46551430225372314,-0.03549061715602875,0.7443670034408569,0.5593571662902832,-0.008158913813531399,0.7697016596794128,0.4725630581378937,-0.018308786675333977,0.7869380116462708,0.42158639430999756,-0.029284654185175896,0.7998473048210144,0.3803340494632721,-0.03749177232384682,0.711530864238739,0.5514675974845886,-0.018154112622141838,0.725953996181488,0.4653364419937134,-0.031602825969457626,0.7379016280174255,0.41134434938430786,-0.0439959280192852,0.7479621171951294,0.36606574058532715,-0.05213731527328491,0.6758143901824951,0.5628821849822998,-0.02974151447415352,0.6684845089912415,0.4929282069206238,-0.044985413551330566,0.6649649739265442,0.4448476731777191,-0.052885957062244415,0.6633304357528687,0.4015609622001648,-0.057406529784202576,hello
0.636452853679657,0.8975193500518799,2.94059930183721e-07,0.7066171169281006,0.9030279517173767,-0.011119628325104713,0.7640140652656555,0.8610796928405762,-0.013147750869393349,0.8019440174102783,0.8266893625259399,-0.017171446233987808,0.8313587307929993,0.810687780380249,-0.021921629086136818,0.754253089427948,0.7150845527648926,-0.0022489752154797316,0.798858642578125,0.6549209952354431,-0.014847779646515846,0.8263094425201416,0.6165050268173218,-0.027562929317355156,0.8474072813987732,0.5826568007469177,-0.03785261511802673,0.7251847386360168,0.6858493685722351,-0.010908656753599644,0.7597083449363708,0.595782458782196,-0.02242138609290123,0.7801885604858398,0.5409337282180786,-0.03446526452898979,0.7933205366134644,0.49567362666130066,-0.04351026564836502,0.6919306516647339,0.6799278855323792,-0.022465545684099197,0.7131451964378357,0.5891432166099548,-0.03714964538812637,0.7299411296844482,0.533649742603302,-0.050140708684921265,0.7435070276260376,0.4858015775680542,-0.059279054403305054,0.6539859175682068,0.6935933232307434,-0.03543975204229355,0.6469790935516357,0.6209651231765747,-0.05192221328616142,0.6465953588485718,0.5714880228042603,-0.060288041830062866,0.6477268934249878,0.5278830528259277,-0.06557009369134903,hello
0.493574321269989,0.922335147857666,3.892732820531819e-07,0.5653117299079895,0.9167540073394775,-0.017245590686798096,0.6260124444961548,0.8730403184890747,-0.024229180067777634,0.6677347421646118,0.8382644653320312,-0.032183658331632614,0.7031997442245483,0.8226994872093201,-0.04112223908305168,0.6091079711914062,0.7320066690444946,-0.012521241791546345,0.651745080947876,0.6651255488395691,-0.030015788972377777,0.679047167301178,0.6243564486503601,-0.046418871730566025,0.7010746598243713,0.5870818495750427,-0.05901480093598366,0.5746233463287354,0.7044684886932373,-0.020182693377137184,0.6043738126754761,0.6091908812522888,-0.03490157425403595,0.6233420372009277,0.5514991879463196,-0.05013610050082207,0.637152910232544,0.501126229763031,-0.06161181256175041,0.536998450756073,0.7017242312431335,-0.030893031507730484,0.5545753240585327,0.609013020992279,-0.04828204587101936,0.5674270987510681,0.5476505160331726,-0.06404353678226471,0.5792214274406433,0.4925442934036255,-0.0753321573138237,0.49574729800224304,0.7201504707336426,-0.043302662670612335,0.482222318649292,0.6510025858879089,-0.06232336163520813,0.475970059633255,0.6030216217041016,-0.0719233974814415,0.47201603651046753,0.5578835010528564,-0.07789652794599533,hello
0.3820551335811615,0.9004458785057068,5.18340129929129e-07,0.4507344961166382,0.8829432725906372,-0.024424688890576363,0.5142576098442078,0.8366079330444336,-0.03513522446155548,0.5604121685028076,0.7996817827224731,-0.04521895945072174,0.5976070761680603,0.7796669602394104,-0.055056266486644745,0.4807094633579254,0.6971598863601685,-0.017630185931921005,0.5218512415885925,0.6217155456542969,-0.03562160208821297,0.5464347004890442,0.5727767944335938,-0.05133390426635742,0.5659664869308472,0.5307087302207947,-0.06283021718263626,0.44163358211517334,0.6719167828559875,-0.021001610904932022,0.4665214717388153,0.5728359222412109,-0.03532412648200989,0.4814346432685852,0.5118606686592102,-0.04875382408499718,0.4921213388442993,0.4631994366645813,-0.05848759785294533,0.4023891091346741,0.6702236533164978,-0.02805006317794323,0.41101735830307007,0.5753569602966309,-0.044169820845127106,0.41902607679367065,0.5168299674987793,-0.057082630693912506,0.4273028075695038,0.4678639769554138,-0.06589676439762115,0.3622647821903229,0.6904041767120361,-0.03769718483090401,0.3434053659439087,0.6228667497634888,-0.05418597161769867,0.33354753255844116,0.5774477124214172,-0.061464011669158936,0.3280588388442993,0.5354651212692261,-0.06542543321847916,hello
0.3154175877571106,0.8884170055389404,5.011725079384632e-07,0.3823179602622986,0.8668645024299622,-0.026504117995500565,0.4460623860359192,0.8176000118255615,-0.03816279396414757,0.4929865598678589,0.7758530974388123,-0.04862985014915466,0.5300048589706421,0.7494015097618103,-0.058481425046920776,0.41088053584098816,0.6803444027900696,-0.01868418976664543,0.44848644733428955,0.6033435463905334,-0.03539280220866203,0.46868714690208435,0.5543132424354553,-0.04988034442067146,0.4838082492351532,0.5133804082870483,-0.060428328812122345,0.3709765374660492,0.657099187374115,-0.020388413220643997,0.3918463885784149,0.5571811199188232,-0.03392242267727852,0.4037785828113556,0.4963672161102295,-0.04681193456053734,0.41162192821502686,0.4490642547607422,-0.05602770671248436,0.33136609196662903,0.6573507785797119,-0.025849515572190285,0.33570748567581177,0.5630620718002319,-0.04108807072043419,0.3406912088394165,0.5056586265563965,-0.05401025339961052,0.34655848145484924,0.45776766538619995,-0.06284305453300476,0.29148200154304504,0.6793402433395386,-0.03406169265508652,0.2708030641078949,0.6140598654747009,-0.05001108720898628,0.25866028666496277,0.5703136920928955,-0.057602424174547195,0.25118160247802734,0.5295101404190063,-0.06169221177697182,hello
0.29172182083129883,0.7574731111526489,5.725329401684576e-07,0.3600660264492035,0.7391120195388794,-0.024574995040893555,0.4256313145160675,0.692391574382782,-0.03430565819144249,0.4733707308769226,0.6544680595397949,-0.04302104189991951,0.5084743499755859,0.6355895400047302,-0.05114968493580818,0.39256227016448975,0.5585014820098877,-0.014999297447502613,0.43179261684417725,0.48704957962036133,-0.02994568459689617,0.4536930024623871,0.44220757484436035,-0.04360351711511612,0.47062811255455017,0.4050188660621643,-0.05376408249139786,0.3543045222759247,0.5351126790046692,-0.016365908086299896,0.37764379382133484,0.4418181777000427,-0.028199508786201477,0.3931574821472168,0.38538020849227905,-0.04042992368340492,0.4049548804759979,0.34234458208084106,-0.04941883683204651,0.31522804498672485,0.5337008237838745,-0.02144456095993519,0.32362818717956543,0.4440028667449951,-0.035842347890138626,0.33118462562561035,0.3897201120853424,-0.04903518781065941,0.33977004885673523,0.34532615542411804,-0.05825018882751465,0.2743401527404785,0.5523085594177246,-0.029050109907984734,0.25652480125427246,0.4920620918273926,-0.04499952495098114,0.2478293776512146,0.45091891288757324,-0.053449615836143494,0.2441098690032959,0.41219303011894226,-0.058288075029850006,hello
0.28183144330978394,0.8347465991973877,-2.592316548089002e-07,0.2892909646034241,0.7475374937057495,-0.010104674845933914,0.31739622354507446,0.65422523021698,-0.024823060259222984,0.3330842852592468,0.5830916166305542,-0.038984514772892,0.33154579997062683,0.5240215063095093,-0.04969789832830429,0.3745364546775818,0.6511921286582947,-0.02939218282699585,0.44787028431892395,0.6805197596549988,-0.04735087603330612,0.4276150166988373,0.7013939023017883,-0.05604727566242218,0.39979055523872375,0.7025516033172607,-0.0610063411295414,0.38301196694374084,0.7043858170509338,-0.03627007082104683,0.45997995138168335,0.7302782535552979,-0.04713033139705658,0.4336053729057312,0.7439373731613159,-0.04429545998573303,0.40208905935287476,0.7414034008979797,-0.04358096420764923,0.3879624605178833,0.7625589966773987,-0.04377562552690506,0.45224201679229736,0.7801195979118347,-0.049398113042116165,0.4270782172679901,0.7885947823524475,-0.03652084991335869,0.39906802773475647,0.785262942314148,-0.0300811268389225,0.3905961811542511,0.8201287984848022,-0.05230062082409859,0.4375602602958679,0.8208964467048645,-0.05180036649107933,0.41494423151016235,0.8252930641174316,-0.03854204714298248,0.39122748374938965,0.8222591876983643,-0.030295846983790398,thumbs up
0.5049153566360474,0.9088137149810791,-4.4493421569313796e-07,0.5141805410385132,0.8027467131614685,-0.011169711127877235,0.5515326857566833,0.7253295183181763,-0.01921498402953148,0.5858820676803589,0.6609245538711548,-0.025214476510882378,0.6018874049186707,0.6031075716018677,-0.028784099966287613,0.6502070426940918,0.7540398240089417,-0.004667715635150671,0.6429399847984314,0.7580993175506592,-0.0008718078606761992,0.6159560084342957,0.7743868231773376,-0.003897453658282757,0.5974411964416504,0.7863784432411194,-0.008627851493656635,0.6645827293395996,0.8136321902275085,-0.0019165051635354757,0.6457570791244507,0.8093159198760986,0.00938115082681179,0.6231961846351624,0.8193960785865784,0.006763635203242302,0.6061819195747375,0.8326035737991333,-0.0009893751703202724,0.6611711382865906,0.8699063062667847,0.0015490574296563864,0.643532395362854,0.8575981259346008,0.010439874604344368,0.6255905032157898,0.8641356825828552,0.011563540436327457,0.607572615146637,0.873052179813385,0.00719901267439127,0.6507875919342041,0.9188232421875,0.0040807160548865795,0.6378695964813232,0.9074183106422424,0.010451034642755985,0.6202980875968933,0.9092260003089905,0.01655876263976097,0.605399489402771,0.9136908650398254,0.019867703318595886,thumbs up
0.5518873929977417,0.626869797706604,-4.24030389467589e-07,0.5579515695571899,0.5285657644271851,-0.012731358408927917,0.5879429578781128,0.4611322283744812,-0.02390187419950962,0.6170411705970764,0.40290558338165283,-0.033287037163972855,0.6309781670570374,0.3472954332828522,-0.040835313498973846,0.6812992095947266,0.48915305733680725,-0.01364300586283207,0.6702840924263,0.5155824422836304,-0.018606986850500107,0.6503199338912964,0.5294004082679749,-0.02627764828503132,0.6348620653152466,0.5340253114700317,-0.03365070000290871,0.6958914995193481,0.543264627456665,-0.01402557548135519,0.6798534989356995,0.564663827419281,-0.01055060513317585,0.6591389179229736,0.5696864724159241,-0.014023063704371452,0.6419776082038879,0.5716790556907654,-0.02193077653646469,0.6949092149734497,0.5969040393829346,-0.014415543526411057,0.6799456477165222,0.6090577840805054,-0.01308179646730423,0.6614947319030762,0.6125101447105408,-0.010453480295836926,0.644081711769104,0.6122910976409912,-0.012958964332938194,0.685705840587616,0.645150899887085,-0.016314717009663582,0.6743664741516113,0.6533011794090271,-0.015582348220050335,0.6571553945541382,0.6537891030311584,-0.00989403948187828,0.642524242401123,0.6508122086524963,-0.0066547398455441,thumbs up
0.24767734110355377,0.5008062124252319,-2.398925005309138e-07,0.262828528881073,0.4328151047229767,-0.010354774072766304,0.29420506954193115,0.35184040665626526,-0.022814545780420303,0.3043329119682312,0.2857567369937897,-0.03443923220038414,0.29574301838874817,0.2313370406627655,-0.043390557169914246,0.3210947513580322,0.32228994369506836,-0.02901383675634861,0.39476722478866577,0.36856186389923096,-0.050401609390974045,0.3765931725502014,0.3905724883079529,-0.06090881675481796,0.35126304626464844,0.38296744227409363,-0.06787524372339249,0.31886911392211914,0.35711950063705444,-0.03583092615008354,0.39116615056991577,0.40625908970832825,-0.050162423402071,0.37035155296325684,0.4234755039215088,-0.05002881959080696,0.347797155380249,0.41551345586776733,-0.052364010363817215,0.31692808866500854,0.4046232998371124,-0.043781936168670654,0.3823034465312958,0.4476834535598755,-0.05480748787522316,0.36077407002449036,0.460743248462677,-0.04704149067401886,0.34021690487861633,0.4509425163269043,-0.04409857466816902,0.31787583231925964,0.4567926824092865,-0.0528033971786499,0.36565136909484863,0.4872034192085266,-0.0573144294321537,0.34578633308410645,0.49660950899124146,-0.05116872116923332,0.32745668292045593,0.4873100519180298,-0.048501428216695786,thumbs up
0.1884748637676239,0.5136131048202515,-2.2963978096868232e-07,0.20636631548404694,0.44657835364341736,-0.011773630976676941,0.23072883486747742,0.36422693729400635,-0.02195095270872116,0.23042407631874084,0.3015126585960388,-0.03138703852891922,0.21554811298847198,0.2541965842247009,-0.03779967874288559,0.24110163748264313,0.33392828702926636,-0.027764279395341873,0.3193196654319763,0.36649954319000244,-0.051645874977111816,0.3040224015712738,0.38959863781929016,-0.06362829357385635,0.27784615755081177,0.38297194242477417,-0.07146146148443222,0.23469889163970947,0.3677263557910919,-0.03370942175388336,0.3170180916786194,0.40985316038131714,-0.052226439118385315,0.29573073983192444,0.4246532917022705,-0.05336354672908783,0.27265453338623047,0.4170156717300415,-0.056051719933748245,0.2307179868221283,0.4121461510658264,-0.0413743294775486,0.30590230226516724,0.45049652457237244,-0.057092033326625824,0.2841912508010864,0.46132221817970276,-0.05138290673494339,0.2640736997127533,0.4534400403499603,-0.04847060516476631,0.23052695393562317,0.45991817116737366,-0.05034629628062248,0.289859801530838,0.48606550693511963,-0.05926908552646637,0.2715868651866913,0.4918605089187622,-0.05638943240046501,0.25067341327667236,0.4842057526111603,-0.055099885910749435,thumbs up
0.2250509262084961,0.6812629699707031,-2.914785852681234e-07,0.24518164992332458,0.6020711660385132,-0.008975332602858543,0.26453354954719543,0.5045609474182129,-0.021154800429940224,0.260323166847229,0.43399202823638916,-0.03303169086575508,0.24743817746639252,0.38245928287506104,-0.0418422594666481,0.2762308716773987,0.5027704238891602,-0.033592287451028824,0.357502281665802,0.516731321811676,-0.059830956161022186,0.34308022260665894,0.5355478525161743,-0.07221031188964844,0.31688392162323,0.5296699404716492,-0.07930947095155716,0.2757815420627594,0.546154797077179,-0.04191889986395836,0.3596477806568146,0.5578933358192444,-0.06144215539097786,0.34097227454185486,0.5683700442314148,-0.061609771102666855,0.31432363390922546,0.5645569562911987,-0.06298988312482834,0.2770775556564331,0.5950313806533813,-0.05128119885921478,0.3486805558204651,0.604699432849884,-0.06472780555486679,0.3316507041454315,0.6108028888702393,-0.055465228855609894,0.3085385859012604,0.6060171723365784,-0.05042063817381859,0.2804258465766907,0.6433864235877991,-0.06161276251077652,0.3355264663696289,0.6469226479530334,-0.06603118777275085,0.32136374711990356,0.6514016389846802,-0.05805609002709389,0.2993450164794922,0.6463992595672607,-0.05376516282558441,thumbs up
0.4443258047103882,0.8813929557800293,-2.3520617276062694e-07,0.4551886320114136,0.7873199582099915,-0.00457469467073679,0.48593515157699585,0.7063380479812622,-0.016766270622611046,0.4986584782600403,0.6380138993263245,-0.02915279008448124,0.49634045362472534,0.5802405476570129,-0.03930593654513359,0.5609079599380493,0.72398442029953,-0.019558224827051163,0.6148940920829773,0.7319743037223816,-0.026873111724853516,0.5957984924316406,0.7427766919136047,-0.03029743768274784,0.5691018104553223,0.7444044947624207,-0.03201506659388542,0.5690726041793823,0.7820943593978882,-0.024713370949029922,0.6202364563941956,0.7815568447113037,-0.02417781576514244,0.6022657155990601,0.7853822112083435,-0.021305816248059273,0.5762452483177185,0.7882988452911377,-0.02188936248421669,0.5697042346000671,0.8390824794769287,-0.029105251654982567,0.6148667335510254,0.8310902714729309,-0.024552499875426292,0.5992706418037415,0.8328059315681458,-0.014401345513761044,0.5751315951347351,0.8354693651199341,-0.011259110644459724,0.5662176012992859,0.8898852467536926,-0.03388746827840805,0.6016921997070312,0.8737342953681946,-0.02636587992310524,0.5876239538192749,0.8719527125358582,-0.012967935763299465,0.5679870247840881,0.873670756816864,-0.0050012823194265366,thumbs up
0.6970687508583069,0.788716733455658,-1.4964692240937438e-07,0.6818335056304932,0.6931458711624146,-0.00032117776572704315,0.6484006643295288,0.6103727221488953,-0.0063800448551774025,0.6134843826293945,0.5445843935012817,-0.013057931326329708,0.6059634685516357,0.48510026931762695,-0.021234605461359024,0.5561662912368774,0.6297658681869507,-0.006335316225886345,0.5198423862457275,0.6731036901473999,-0.0025680160615593195,0.5423652529716492,0.6957424879074097,-0.0026294405106455088,0.5658066272735596,0.6959887146949768,-0.004394965246319771,0.5438307523727417,0.6841577887535095,-0.009034615010023117,0.5214925408363342,0.7267056107521057,-0.0001897597685456276,0.5444456934928894,0.7402575612068176,0.0004387639055494219,0.5678326487541199,0.7357931137084961,-0.003236710326746106,0.5437750220298767,0.7431676983833313,-0.009573563002049923,0.5277556777000427,0.7707416415214539,-0.00107957876753062,0.5504249930381775,0.7803101539611816,0.00321862637065351,0.5733583569526672,0.7760167717933655,0.0016886923694983125,0.5489615797996521,0.798879861831665,-0.010282455012202263,0.5397713780403137,0.8134194016456604,-0.004421717952936888,0.5637286901473999,0.8163895010948181,0.0032544932328164577,0.5834248065948486,0.8088366389274597,0.008723987266421318,thumbs up
0.6028099656105042,0.9122386574745178,-2.8543652774715156e-08,0.582352876663208,0.8119565844535828,-0.007179685402661562,0.5438242554664612,0.7403045296669006,-0.013589785434305668,0.5048869848251343,0.6802396774291992,-0.01817178726196289,0.486416757106781,0.6297622919082642,-0.02184930257499218,0.44976291060447693,0.7779836058616638,-0.012096462771296501,0.43591561913490295,0.7715603709220886,-0.006355535704642534,0.4644857347011566,0.7799719572067261,-0.005278859753161669,0.4855145812034607,0.7870175838470459,-0.006995165720582008,0.43762466311454773,0.8396454453468323,-0.00944798719137907,0.43662339448928833,0.8215753436088562,0.0020649563521146774,0.4629686176776886,0.8251596689224243,0.0029581659473478794,0.48451748490333557,0.8347960114479065,-0.001161261461675167,0.4411352276802063,0.8978810906410217,-0.00499140378087759,0.4425286650657654,0.8740920424461365,0.007088706362992525,0.4639524221420288,0.8745955228805542,0.010197898373007774,0.4861702024936676,0.882330060005188,0.007162748370319605,0.4502023458480835,0.947735607624054,-0.0012977294391021132,0.4549609422683716,0.9242746829986572,0.0069543225690722466,0.47585341334342957,0.9211739897727966,0.012978434562683105,0.4935826063156128,0.9241691827774048,0.016754979267716408,thumbs up
0.8633375763893127,0.867945671081543,-1.0242660408721349e-07,0.8444474935531616,0.781118631362915,-0.00037776585668325424,0.8107359409332275,0.7120211124420166,-0.009526485577225685,0.7856789231300354,0.651531457901001,-0.01891453005373478,0.7867811918258667,0.5999644994735718,-0.028299303725361824,0.7588987946510315,0.7263502478599548,-0.0265805721282959,0.697803258895874,0.7406901717185974,-0.03514891862869263,0.7213507890701294,0.7502906918525696,-0.036661140620708466,0.7469456791877747,0.7470421195030212,-0.03672276809811592,0.7521052360534668,0.7827941179275513,-0.03207613527774811,0.6952698230743408,0.7828715443611145,-0.03626677021384239,0.718413233757019,0.7908714413642883,-0.030890965834259987,0.7432222366333008,0.7918950915336609,-0.028333576396107674,0.7505589127540588,0.8378958702087402,-0.035720765590667725,0.7040331959724426,0.8300927877426147,-0.03669436648488045,0.7257809638977051,0.8350787162780762,-0.0241386741399765,0.7496628165245056,0.8365447521209717,-0.017464477568864822,0.7535750865936279,0.8883041143417358,-0.03928058594465256,0.7197393774986267,0.8763715624809265,-0.03806013986468315,0.7398898005485535,0.8789072036743164,-0.025648005306720734,0.7591650485992432,0.8803943395614624,-0.01655902899801731,thumbs up
0.9449447393417358,0.9690617918968201,-1.432640175380584e-07,0.9330703020095825,0.8874692320823669,-0.002214615698903799,0.9041731953620911,0.8064306974411011,-0.015648100525140762,0.8948552012443542,0.743561863899231,-0.02926464006304741,0.9121478199958801,0.6970738172531128,-0.042873017489910126,0.8863491415977478,0.8225826621055603,-0.04527929425239563,0.7995603680610657,0.8111608028411865,-0.06441625952720642,0.8216664791107178,0.8236991167068481,-0.06868641823530197,0.8515287637710571,0.8300724029541016,-0.06877797842025757,0.8799720406532288,0.8809220194816589,-0.053257863968610764,0.7931909561157227,0.8593283891677856,-0.07042445242404938,0.8174700736999512,0.8692367076873779,-0.06569013744592667,0.8470567464828491,0.8774989247322083,-0.06208733841776848,0.8717169165611267,0.934497058391571,-0.059479840099811554,0.7964795231819153,0.9080448150634766,-0.07249514758586884,0.8182271122932434,0.9154316782951355,-0.057867612689733505,0.8463362455368042,0.9236371517181396,-0.046985428780317307,0.8624497652053833,0.9823783040046692,-0.06535603851079941,0.8031907081604004,0.9546085596084595,-0.07304653525352478,0.8226224184036255,0.958669126033783,-0.06048307940363884,0.8481268882751465,0.9695093035697937,-0.05040988698601723,thumbs up
0.7656134366989136,0.8117514848709106,-5.316754823070369e-07,0.7602372765541077,0.7380833625793457,-0.02221771702170372,0.7933185696601868,0.6561818718910217,-0.03021281771361828,0.8280094861984253,0.60760098695755,-0.037819575518369675,0.8451963067054749,0.563768208026886,-0.04140752926468849,0.865086019039154,0.6751626133918762,-0.002798269037157297,0.8894534707069397,0.6670531034469604,-0.03194937855005264,0.8495082259178162,0.6953858137130737,-0.050407975912094116,0.8164843916893005,0.7180724143981934,-0.057895299047231674,0.882420539855957,0.7243754863739014,-0.0035877979826182127,0.9052832722663879,0.7174448370933533,-0.035604946315288544,0.8521086573600769,0.7445027232170105,-0.04498174414038658,0.8168504238128662,0.7581326961517334,-0.04229684919118881,0.8903442621231079,0.7716373205184937,-0.00993187166750431,0.9075016975402832,0.7727570533752441,-0.03863663226366043,0.8592109680175781,0.7857040762901306,-0.03285697102546692,0.8289048671722412,0.7846855521202087,-0.020646894350647926,0.8918603658676147,0.8182989358901978,-0.018461553379893303,0.9014861583709717,0.8213364481925964,-0.034311968833208084,0.8634111285209656,0.8217977285385132,-0.02688486874103546,0.8403091430664062,0.8118249177932739,-0.016329819336533546,thumbs up
0.7688117027282715,0.5029253959655762,-5.092599622003036e-07,0.7564243674278259,0.4308721423149109,-0.017999304458498955,0.7757392525672913,0.3488433063030243,-0.024983253329992294,0.7988495230674744,0.2943318486213684,-0.03249812126159668,0.8080394268035889,0.2481904923915863,-0.03666825219988823,0.8419309854507446,0.34792524576187134,-0.0015011124778538942,0.8576748371124268,0.32152384519577026,-0.027463644742965698,0.8252394795417786,0.3605489730834961,-0.043977849185466766,0.7996776700019836,0.39211857318878174,-0.05068085342645645,0.8647498488426208,0.38469406962394714,-0.0031160556245595217,0.8774899840354919,0.35986295342445374,-0.031232362613081932,0.8339188694953918,0.401387095451355,-0.03956174850463867,0.8055041432380676,0.4306366741657257,-0.037396352738142014,0.8785669803619385,0.42660632729530334,-0.009358007460832596,0.8888636827468872,0.40729978680610657,-0.035602644085884094,0.8445497751235962,0.43710803985595703,-0.02949189580976963,0.8155666589736938,0.4559941589832306,-0.017498910427093506,0.8871936202049255,0.4724363684654236,-0.01727871783077717,0.8926273584365845,0.4563163220882416,-0.03292322903871536,0.8582847118377686,0.4668470025062561,-0.025645114481449127,0.8358144164085388,0.4725084900856018,-0.01504644937813282,thumbs up
0.6975672841072083,0.4901559352874756,-1.60665720727593e-07,0.6731727719306946,0.4130467176437378,0.0035255311522632837,0.6333516836166382,0.33697205781936646,-0.00019418532610870898,0.6075782775878906,0.281418114900589,-0.006026329472661018,0.5983988642692566,0.2331428825855255,-0.012382430024445057,0.6043111085891724,0.3229910135269165,-0.0051008546724915504,0.539908766746521,0.3600040674209595,-0.019446831196546555,0.5571300983428955,0.38116082549095154,-0.029619967564940453,0.5802717804908752,0.37508928775787354,-0.03474872559309006,0.6018029451370239,0.364064484834671,-0.013086344115436077,0.5380801558494568,0.40323886275291443,-0.02256724052131176,0.5555292963981628,0.41511595249176025,-0.023249825462698936,0.5795694589614868,0.4075918197631836,-0.024252330884337425,0.599506676197052,0.41062936186790466,-0.02138209156692028,0.5454214811325073,0.44260451197624207,-0.030147740617394447,0.5632442235946655,0.4524107575416565,-0.023205025121569633,0.5859804153442383,0.44542714953422546,-0.0185915045440197,0.5967344045639038,0.45938360691070557,-0.029492303729057312,0.5583698749542236,0.4800884425640106,-0.035556137561798096,0.5783116817474365,0.486966997385025,-0.02912534959614277,0.5997453331947327,0.48072463274002075,-0.02267182245850563,thumbs up
0.5362772345542908,0.43339043855667114,-9.566432623842047e-08,0.5231513381004333,0.3600791096687317,-0.0015998266171664,0.4852426052093506,0.29890933632850647,-0.005453323479741812,0.452757328748703,0.2540860176086426,-0.009638091549277306,0.43599289655685425,0.21156907081604004,-0.014301217161118984,0.4288461208343506,0.29741382598876953,-0.0017518730601295829,0.4223715662956238,0.3133692145347595,-0.009634146466851234,0.4417991042137146,0.33032941818237305,-0.020802592858672142,0.4596983790397644,0.33974748849868774,-0.028078986331820488,0.4109652638435364,0.3418821692466736,-0.004580100066959858,0.41313624382019043,0.3554516136646271,-0.003988168202340603,0.43189945816993713,0.3676425814628601,-0.008093579672276974,0.45019006729125977,0.3747878968715668,-0.012747525237500668,0.4036492109298706,0.39222633838653564,-0.007584132719784975,0.4075222313404083,0.3988483250141144,-0.006718222517520189,0.42473697662353516,0.4081563651561737,-0.0037071523256599903,0.44252821803092957,0.4129566252231598,-0.003285387298092246,0.4024374186992645,0.44019171595573425,-0.011203021742403507,0.4042975604534149,0.4449199140071869,-0.010512728244066238,0.423479288816452,0.45060160756111145,-0.004158415365964174,0.4386447072029114,0.4534631669521332,0.0017101638950407505,thumbs up
0.3205633759498596,0.3802121877670288,-1.8145156843729637e-07,0.3100172281265259,0.3142409920692444,-0.002726436359807849,0.2633090913295746,0.2722123861312866,-0.003612254047766328,0.22131642699241638,0.24479475617408752,-0.004534145817160606,0.19756484031677246,0.21125367283821106,-0.00578040536493063,0.1901792287826538,0.2977641820907593,0.005012433975934982,0.20500804483890533,0.3128957152366638,0.00307106995023787,0.22936807572841644,0.3219643533229828,-0.005670403130352497,0.24136309325695038,0.3241580128669739,-0.013059845194220543,0.17938615381717682,0.3437182903289795,0.0043766736052930355,0.20152390003204346,0.3580474257469177,0.011350024491548538,0.22312510013580322,0.36029863357543945,0.008465185761451721,0.23628708720207214,0.35844171047210693,0.003173168282955885,0.18403461575508118,0.3906698226928711,0.0034098306205123663,0.2053014487028122,0.4008769989013672,0.008226119913160801,0.22523415088653564,0.3973422348499298,0.007711917161941528,0.23928207159042358,0.3911844491958618,0.004290132783353329,0.19456875324249268,0.43403246998786926,0.0016054640291258693,0.21544389426708221,0.44258782267570496,0.003645174438133836,0.2353622168302536,0.4334195852279663,0.0055098021402955055,0.24761036038398743,0.42482924461364746,0.007017859723418951,thumbs up
0.2984521687030792,0.6542360782623291,-1.626794841058654e-07,0.2925635278224945,0.5639643669128418,-0.006780983414500952,0.25094857811927795,0.5094001889228821,-0.007624421268701553,0.212785542011261,0.47526928782463074,-0.007472109980881214,0.1903999149799347,0.43934470415115356,-0.007738424465060234,0.1743895262479782,0.5533037185668945,-0.0002668086381163448,0.19625972211360931,0.5494268536567688,-0.0010206610895693302,0.22216905653476715,0.5558620691299438,-0.009586215950548649,0.2320098578929901,0.5671494007110596,-0.017575787380337715,0.16486722230911255,0.6064527034759521,0.0014468339504674077,0.18921901285648346,0.5985745191574097,0.00953302439302206,0.2120746672153473,0.5991921424865723,0.004455506335943937,0.22244848310947418,0.6076515316963196,-0.00429482851177454,0.1716625988483429,0.6536450982093811,0.003294543828815222,0.18879738450050354,0.6429952383041382,0.007534908130764961,0.20851022005081177,0.6394153237342834,0.006034370046108961,0.21994216740131378,0.6436372995376587,0.000985543243587017,0.18342630565166473,0.6939035654067993,0.004462092649191618,0.19848448038101196,0.6828502416610718,0.005741538479924202,0.21807155013084412,0.6763807535171509,0.008746429346501827,0.23052656650543213,0.6780362725257874,0.010264153592288494,thumbs up
0.25671452283859253,0.8888189792633057,-1.8175722971136565e-07,0.24879536032676697,0.7915530204772949,-0.005636782851070166,0.1989934742450714,0.7277439832687378,-0.003069312544539571,0.15375293791294098,0.6905943751335144,0.0016648228047415614,0.12972532212734222,0.6546034216880798,0.006372508592903614,0.12033358216285706,0.7795650959014893,0.0023867301642894745,0.1436683088541031,0.7552593946456909,0.00891465786844492,0.17313222587108612,0.763745129108429,0.0060507976450026035,0.18677856028079987,0.7788920998573303,0.0016816555289551616,0.11276303976774216,0.8334571123123169,0.007205992471426725,0.13626503944396973,0.806677520275116,0.021830108016729355,0.16223257780075073,0.8099046945571899,0.02046121098101139,0.17641925811767578,0.8239555358886719,0.014008589088916779,0.12087564170360565,0.8786903023719788,0.012816391885280609,0.1345818042755127,0.8518610596656799,0.023941971361637115,0.1568906158208847,0.8490346074104309,0.023983022198081017,0.17151308059692383,0.8581753373146057,0.019077451899647713,0.13320952653884888,0.9169343709945679,0.018163949251174927,0.14020688831806183,0.8925997614860535,0.02534727193415165,0.15939417481422424,0.8864309191703796,0.03027033433318138,0.1725720465183258,0.8906396627426147,0.032451704144477844,thumbs up
0.4021291136741638,0.9019114971160889,-1.9713790777586837e-07,0.39116954803466797,0.8028430938720703,-0.00882185809314251,0.342300146818161,0.7319804430007935,-0.011472463607788086,0.29037904739379883,0.6877391934394836,-0.011130553670227528,0.25809016823768616,0.648725152015686,-0.010112468153238297,0.25598421692848206,0.776429295539856,-0.00740379374474287,0.2669529914855957,0.7502901554107666,-0.005219444632530212,0.2998616695404053,0.7605054378509521,-0.009558713994920254,0.3147905170917511,0.7775554060935974,-0.015022652223706245,0.24023066461086273,0.8345345854759216,-0.00279046013019979,0.2581477463245392,0.8040148019790649,0.006708117201924324,0.2886489927768707,0.8098611235618591,0.004581756424158812,0.30346542596817017,0.8272665739059448,-0.001885113539174199,0.24158060550689697,0.8861669898033142,0.002853587968274951,0.2539314031600952,0.8544776439666748,0.01130667608231306,0.280566543340683,0.8538166284561157,0.0140159847214818,0.2978341579437256,0.8663812279701233,0.011127043515443802,0.24856778979301453,0.9301225543022156,0.007887287065386772,0.256405234336853,0.9008558392524719,0.013599580153822899,0.279996782541275,0.8955417275428772,0.020441746339201927,0.2958413064479828,0.9028809070587158,0.02474427968263626,thumbs up
0.500885546207428,0.8970649242401123,-1.1795443555229213e-07,0.49016061425209045,0.7979978322982788,9.529521776130423e-05,0.4454179108142853,0.7287283539772034,0.003798495512455702,0.397571861743927,0.6828692555427551,0.00899228174239397,0.3706134557723999,0.6499558687210083,0.015575538389384747,0.3631064295768738,0.7703515887260437,0.006748255342245102,0.35663068294525146,0.7414132356643677,0.018203940242528915,0.3846122920513153,0.7493388652801514,0.021758655086159706,0.40082958340644836,0.7649996876716614,0.021705666556954384,0.34948623180389404,0.8264502286911011,0.009183245711028576,0.3473312556743622,0.7926976680755615,0.025782054290175438,0.3728763461112976,0.7945095300674438,0.028029846027493477,0.38922929763793945,0.8093645572662354,0.02509489841759205,0.3508639335632324,0.8781580924987793,0.013194631785154343,0.3488709628582001,0.8462378978729248,0.02865198440849781,0.37077775597572327,0.8437234163284302,0.032291557639837265,0.38863635063171387,0.8554826378822327,0.02956128492951393,0.35853081941604614,0.9218411445617676,0.01718081347644329,0.3575219511985779,0.891029953956604,0.02878137119114399,0.3771413266658783,0.8876399397850037,0.0364079624414444,0.3921966254711151,0.895647406578064,0.04057230055332184,thumbs up
0.6201290488243103,0.9130645990371704,-2.4258238084939876e-08,0.6149893403053284,0.8199954032897949,-0.004387579392641783,0.5840408802032471,0.7479698657989502,-0.009009899571537971,0.545549750328064,0.690077006816864,-0.012197235599160194,0.5290151238441467,0.640677809715271,-0.013479814864695072,0.519168496131897,0.768588662147522,-0.01066085509955883,0.48089927434921265,0.7485292553901672,-0.010831805877387524,0.5073996186256409,0.7536200284957886,-0.009989541955292225,0.5279864072799683,0.7628173828125,-0.009088347665965557,0.5030336380004883,0.8228702545166016,-0.009230201132595539,0.47370731830596924,0.7927320003509521,-0.002153123961761594,0.4964384138584137,0.7937133312225342,0.002512769540771842,0.51350998878479,0.8044017553329468,0.002699704375118017,0.496762752532959,0.875102698802948,-0.006982424296438694,0.4745323657989502,0.8403355479240417,0.001093527884222567,0.4930194020271301,0.8393135070800781,0.009632348082959652,0.5098710060119629,0.8495819568634033,0.011690004728734493,0.4960092008113861,0.9189640879631042,-0.005083928350359201,0.4781556725502014,0.882618248462677,0.0027838253881782293,0.49509197473526,0.8804795742034912,0.01349502895027399,0.509498119354248,0.8874242305755615,0.020418351516127586,thumbs up
0.7488663792610168,0.971917986869812,-4.027913291793084e-07,0.718799352645874,0.855445384979248,-0.025549475103616714,0.706909716129303,0.7440682053565979,-0.04116168990731239,0.7109929919242859,0.6643009781837463,-0.05261958763003349,0.7264291048049927,0.5968581438064575,-0.06014376878738403,0.7686888575553894,0.7473682761192322,-0.046578437089920044,0.656582772731781,0.764942467212677,-0.07688277214765549,0.6670063734054565,0.7922719717025757,-0.0883491188287735,0.7034121155738831,0.7886815071105957,-0.093182772397995,0.7856117486953735,0.8255620002746582,-0.04948830232024193,0.6574006080627441,0.8440035581588745,-0.07638609409332275,0.6824805736541748,0.8590596914291382,-0.07752348482608795,0.7204757332801819,0.8512923717498779,-0.07864037156105042,0.7920119166374207,0.9043612480163574,-0.05531836673617363,0.6722155809402466,0.9157823920249939,-0.08475615084171295,0.6983333826065063,0.9266855716705322,-0.07672644406557083,0.7340834736824036,0.9228346943855286,-0.06832315772771835,0.7901912331581116,0.9786649346351624,-0.06321710348129272,0.7011383175849915,0.9813664555549622,-0.0865219384431839,0.7197265625,0.9843226671218872,-0.08474542200565338,0.7543749809265137,0.9812465906143188,-0.07955601066350937,thumbs up
0.6111235022544861,0.796629011631012,-6.309693958428397e-07,0.5982528924942017,0.717994749546051,-0.018348654732108116,0.6267491579055786,0.6252729892730713,-0.022793682292103767,0.6562085151672363,0.5696358680725098,-0.027915561571717262,0.6760281920433044,0.522713840007782,-0.029391270130872726,0.7043077349662781,0.6231641173362732,0.0069439769722521305,0.7058518528938293,0.6001318097114563,-0.02091590128839016,0.6692038178443909,0.642498791217804,-0.04013620689511299,0.6425970792770386,0.6773189902305603,-0.04835346341133118,0.7310276031494141,0.6649648547172546,0.004775957204401493,0.7250511050224304,0.6441652178764343,-0.022782133892178535,0.6775590181350708,0.6868039965629578,-0.031953997910022736,0.650198221206665,0.7155632972717285,-0.029913032427430153,0.7453838586807251,0.7129725813865662,-0.0032849113922566175,0.7325034141540527,0.695749819278717,-0.030473262071609497,0.6840779781341553,0.7284777164459229,-0.024864766746759415,0.6589537262916565,0.7468265891075134,-0.012605011463165283,0.7524269223213196,0.7647745013237,-0.01342256460338831,0.7369266748428345,0.7483571171760559,-0.028527121990919113,0.7005693316459656,0.7613484859466553,-0.021117400377988815,0.6849327087402344,0.7674382925033569,-0.010036916472017765,thumbs up
0.7252643704414368,0.6655060052871704,-2.536456520374486e-07,0.7219766974449158,0.5842929482460022,-0.0016233357600867748,0.7008960247039795,0.49618107080459595,-0.009358943440020084,0.6806776523590088,0.4332975447177887,-0.016878055408596992,0.6745720505714417,0.3822183609008789,-0.024617468938231468,0.6772326231002808,0.4837176203727722,-0.030216112732887268,0.6015433669090271,0.4948606789112091,-0.04481521621346474,0.6135661005973816,0.5206337571144104,-0.04617369547486305,0.6366450786590576,0.5239477157592773,-0.04501400515437126,0.6691727638244629,0.5308844447135925,-0.03765828162431717,0.5899744629859924,0.5394937992095947,-0.049507491290569305,0.6065056324005127,0.560805082321167,-0.0432160347700119,0.6314825415611267,0.5638555884361267,-0.039815034717321396,0.6601493954658508,0.5832383632659912,-0.044475167989730835,0.5905416011810303,0.5868291258811951,-0.05669333040714264,0.6098414063453674,0.6043122410774231,-0.04392186179757118,0.6350548267364502,0.606602132320404,-0.035645052790641785,0.6500420570373535,0.636531412601471,-0.05074932426214218,0.5965948700904846,0.6326543092727661,-0.06118810176849365,0.6156633496284485,0.6435469388961792,-0.05311998724937439,0.6389598250389099,0.6447269916534424,-0.04583635926246643,thumbs up
0.8036126494407654,0.48224514722824097,-6.894318289596413e-07,0.7854189872741699,0.4006460905075073,-0.014941596426069736,0.8134676218032837,0.30441659688949585,-0.01864931732416153,0.8426379561424255,0.24729356169700623,-0.024611057713627815,0.8593065738677979,0.19371096789836884,-0.027518972754478455,0.8892457485198975,0.293446809053421,0.008757085539400578,0.9002376198768616,0.2559010684490204,-0.020626988261938095,0.8618797659873962,0.30519750714302063,-0.03974281996488571,0.8339897394180298,0.34832531213760376,-0.046976130455732346,0.9171140789985657,0.33495140075683594,0.004195226822048426,0.9241641163825989,0.30134478211402893,-0.02597755379974842,0.8725042939186096,0.3545638620853424,-0.034211818128824234,0.8423765301704407,0.3935641348361969,-0.03028102219104767,0.936024010181427,0.38402146100997925,-0.0061345091089606285,0.9394253492355347,0.3520928621292114,-0.037182632833719254,0.8842087984085083,0.3955492377281189,-0.02927331067621708,0.8527557849884033,0.42590275406837463,-0.013577341102063656,0.9495478868484497,0.4390600323677063,-0.017879487946629524,0.9476867318153381,0.4071086049079895,-0.0362849086523056,0.9055303335189819,0.4267795979976654,-0.0264156274497509,0.8820242285728455,0.44224733114242554,-0.012247059494256973,thumbs up
0.6360559463500977,0.5213860273361206,-2.283328086605252e-07,0.6173266172409058,0.445269912481308,0.0010070005664601922,0.5822643041610718,0.3675096929073334,-0.004597270395606756,0.5549758672714233,0.30925214290618896,-0.011673622764647007,0.5471163392066956,0.25853538513183594,-0.01949824020266533,0.5289418697357178,0.35936224460601807,-0.008549897000193596,0.4744257926940918,0.41121524572372437,-0.018710270524024963,0.49222561717033386,0.43681517243385315,-0.02482551336288452,0.5139185190200806,0.4338221848011017,-0.028392652049660683,0.5223702192306519,0.39672037959098816,-0.01586076430976391,0.4709663391113281,0.4568881392478943,-0.0220585186034441,0.4922492206096649,0.47535771131515503,-0.02110530249774456,0.5158411264419556,0.4669794738292694,-0.02172757498919964,0.5191248059272766,0.4453215003013611,-0.02319246344268322,0.47564515471458435,0.49615150690078735,-0.028775639832019806,0.497091144323349,0.5118918418884277,-0.0205082930624485,0.5188711881637573,0.5018759965896606,-0.016363609582185745,0.5178335905075073,0.49799278378486633,-0.03077220357954502,0.48589879274368286,0.5346567630767822,-0.035898156464099884,0.5071881413459778,0.5442893505096436,-0.029441779479384422,0.526106595993042,0.5336751341819763,-0.023524651303887367,thumbs up
0.522864818572998,0.7892683744430542,1.8528782064208826e-08,0.520043671131134,0.6834772229194641,-0.011830717325210571,0.48211878538131714,0.5882270932197571,-0.018081510439515114,0.43425530195236206,0.5261670351028442,-0.023436471819877625,0.4085506498813629,0.4734748601913452,-0.02824924699962139,0.3924773037433624,0.6208419799804688,0.001916570239700377,0.36290237307548523,0.622092604637146,-0.0042319996282458305,0.38510337471961975,0.6388378739356995,-0.01388260256499052,0.4097045958042145,0.6517903208732605,-0.01930985599756241,0.37323877215385437,0.6756883263587952,0.00548876216635108,0.36316049098968506,0.6810372471809387,0.009866665117442608,0.38682326674461365,0.6915640830993652,0.0032511474564671516,0.4086999297142029,0.6985992789268494,-0.0033919585403054953,0.3673359751701355,0.7334567308425903,0.007824260741472244,0.36310645937919617,0.7311464548110962,0.011448314413428307,0.3821428120136261,0.7390234470367432,0.009421393275260925,0.40269041061401367,0.7455248832702637,0.006127521861344576,0.36814790964126587,0.7877806425094604,0.00910444650799036,0.3670801520347595,0.7820002436637878,0.012940962798893452,0.38692963123321533,0.7880147695541382,0.01742829754948616,0.4052819609642029,0.7926357984542847,0.021993456408381462,thumbs up
0.21435114741325378,0.7902823090553284,-2.49313387712391e-07,0.218695729970932,0.70090651512146,-0.012485884130001068,0.2440248727798462,0.6022207736968994,-0.02760866843163967,0.2586292028427124,0.5263583064079285,-0.04156685620546341,0.2574162185192108,0.4647597074508667,-0.051615551114082336,0.2925226092338562,0.5843846201896667,-0.03428300470113754,0.3780248463153839,0.6089006662368774,-0.055982351303100586,0.36089515686035156,0.6333776712417603,-0.06628376990556717,0.33203694224357605,0.6359052658081055,-0.07211898267269135,0.30295640230178833,0.6365160346031189,-0.040703799575567245,0.3890191614627838,0.6577818393707275,-0.05454101413488388,0.3636983633041382,0.6779757142066956,-0.05214717611670494,0.3316552937030792,0.6781108379364014,-0.05187056213617325,0.3113861680030823,0.6965631246566772,-0.04798811301589012,0.3830157220363617,0.7112253904342651,-0.057048674672842026,0.35647085309028625,0.7252650260925293,-0.043925732374191284,0.3270636200904846,0.7226110100746155,-0.03709089383482933,0.31845271587371826,0.7576518058776855,-0.05646243318915367,0.3702510893344879,0.7587682604789734,-0.05871785804629326,0.3449569642543793,0.76751708984375,-0.046259958297014236,0.3182471692562103,0.7651340961456299,-0.03844271972775459,thumbs up
0.41036128997802734,0.8904204368591309,-3.577595180104254e-07,0.4176035523414612,0.7817177176475525,-0.0027458255644887686,0.44652029871940613,0.6962347626686096,-0.0138925202190876,0.4715777337551117,0.6222999691963196,-0.025042518973350525,0.47789546847343445,0.561784565448761,-0.033746276050806046,0.5369167327880859,0.7024966478347778,-0.01172822155058384,0.578155517578125,0.7222520709037781,-0.01333270687609911,0.5563204884529114,0.7417440414428711,-0.01598566211760044,0.5346919894218445,0.7479509711265564,-0.019265733659267426,0.5555860996246338,0.76520174741745,-0.015177392400801182,0.587820291519165,0.7714406847953796,-0.006582876667380333,0.5651409029960632,0.7821855545043945,-0.0025731176137924194,0.5396450757980347,0.7910760045051575,-0.0046004666946828365,0.5610941648483276,0.8281694650650024,-0.01732712611556053,0.57877516746521,0.8241342902183533,-0.005244655534625053,0.5600687861442566,0.8328726887702942,0.004068112466484308,0.5363483428955078,0.8422234058380127,0.0042169541120529175,0.561495840549469,0.8848080039024353,-0.020025519654154778,0.5676881074905396,0.8725101351737976,-0.007864751853048801,0.5492005944252014,0.8775326609611511,0.004349679686129093,0.5314421057701111,0.8848273754119873,0.010757979936897755,thumbs up
0.30305472016334534,0.8875502943992615,-3.893193536441686e-07,0.3265675902366638,0.7741341590881348,-0.016653601080179214,0.3356850743293762,0.6685833930969238,-0.029525194317102432,0.3201689124107361,0.5962718725204468,-0.04248662665486336,0.29825806617736816,0.5339019298553467,-0.051861342042684555,0.30896249413490295,0.6687583327293396,-0.037453386932611465,0.4087139070034027,0.676499605178833,-0.07022988051176071,0.3943805396556854,0.7116352319717407,-0.0875101238489151,0.3607841730117798,0.711864709854126,-0.09995239973068237,0.300872802734375,0.7333600521087646,-0.04658115282654762,0.4141699969768524,0.7384699583053589,-0.07374025136232376,0.3898102641105652,0.7593724131584167,-0.07852098345756531,0.3592396676540375,0.7579061985015869,-0.08656913787126541,0.3008553981781006,0.7978911995887756,-0.058436643332242966,0.40654826164245605,0.7996715903282166,-0.08180786669254303,0.3790218234062195,0.8170253038406372,-0.07628481835126877,0.3506273627281189,0.8139851689338684,-0.07528049498796463,0.30567529797554016,0.8559974431991577,-0.07258901745080948,0.38960766792297363,0.8535633683204651,-0.08710545301437378,0.3668549656867981,0.8613410592079163,-0.08604086935520172,0.33486053347587585,0.8606469631195068,-0.08777707815170288,thumbs up
0.535248339176178,0.9575973153114319,-3.122592886484199e-07,0.5146715044975281,0.847029447555542,-0.014704622328281403,0.5342236161231995,0.75020831823349,-0.018972955644130707,0.5595977902412415,0.6737524271011353,-0.02010441944003105,0.5715656280517578,0.6165977120399475,-0.019416537135839462,0.641206681728363,0.7551745772361755,0.010584251023828983,0.6174653172492981,0.7335348725318909,0.02948419563472271,0.5899406671524048,0.7577807903289795,0.03339516744017601,0.5757453441619873,0.7827976942062378,0.03237203508615494,0.6675097346305847,0.8060643076896667,0.02149173431098461,0.6354471445083618,0.7832344174385071,0.046577148139476776,0.613869845867157,0.7981762290000916,0.043880779296159744,0.6040307879447937,0.8241102695465088,0.034308385103940964,0.6719315648078918,0.8598951101303101,0.03326713293790817,0.6481726169586182,0.832394540309906,0.054965611547231674,0.630451500415802,0.8419666886329651,0.052303437143564224,0.6180003881454468,0.8649645447731018,0.04302849993109703,0.6698456406593323,0.9084032773971558,0.04404265806078911,0.654569149017334,0.8826249241828918,0.061445146799087524,0.6378306150436401,0.8867425918579102,0.06750310212373734,0.6267557144165039,0.9033085107803345,0.06857240945100784,thumbs up
0.6358119249343872,0.8439271450042725,-2.811392789681122e-07,0.638322114944458,0.7541989684104919,-0.016523495316505432,0.6633684635162354,0.6836315393447876,-0.023258011788129807,0.6920153498649597,0.626775860786438,-0.028313035145401955,0.7043616771697998,0.5778300166130066,-0.031489696353673935,0.7497674822807312,0.7072062492370605,0.013681722804903984,0.7430710792541504,0.7206767797470093,0.017620794475078583,0.7204121351242065,0.7376258373260498,0.009966258890926838,0.7062374949455261,0.7458383440971375,0.003525744192302227,0.7701031565666199,0.7517654299736023,0.020581578835844994,0.7661053538322449,0.7603232860565186,0.030988870188593864,0.7442001104354858,0.7708153128623962,0.023440927267074585,0.7280102968215942,0.782069742679596,0.015709765255451202,0.7755746245384216,0.7938213348388672,0.026225639507174492,0.7778262495994568,0.79505455493927,0.03439459204673767,0.7584964632987976,0.8026953935623169,0.03151332214474678,0.7423771023750305,0.8122906684875488,0.027553724125027657,0.7747876644134521,0.8307476043701172,0.030392387881875038,0.7812737226486206,0.827477753162384,0.03916443884372711,0.7651780843734741,0.8320126533508301,0.045947328209877014,0.7519518136978149,0.840876042842865,0.05083964765071869,thumbs up
0.658974826335907,0.9121549725532532,-3.2221822721112403e-07,0.6889989376068115,0.8308165073394775,-0.0005554730887524784,0.7216353416442871,0.7660121321678162,-0.015045784413814545,0.7500966191291809,0.7072617411613464,-0.03035089187324047,0.7622184157371521,0.6540795564651489,-0.04365312308073044,0.8023238182067871,0.8068138360977173,-0.024428531527519226,0.8412121534347534,0.8400704860687256,-0.027721144258975983,0.814023494720459,0.8507243990898132,-0.026354286819696426,0.7901280522346497,0.8435471057891846,-0.02594684436917305,0.8047749400138855,0.8666747212409973,-0.02968304045498371,0.838210940361023,0.8931556940078735,-0.024307845160365105,0.8132044672966003,0.8953289985656738,-0.016480207443237305,0.7865192890167236,0.8893235325813293,-0.015655679628252983,0.7956640720367432,0.9234352111816406,-0.0327550433576107,0.8202406764030457,0.9438541531562805,-0.022486189380288124,0.800466775894165,0.943303644657135,-0.00927162915468216,0.7748774886131287,0.9357762336730957,-0.006630415562540293,0.783080518245697,0.9744061231613159,-0.036154597997665405,0.7978607416152954,0.9866207838058472,-0.025297490879893303,0.7778620719909668,0.9818099737167358,-0.011902433820068836,0.7588791251182556,0.9739483594894409,-0.004975090268999338,thumbs up
0.7546539306640625,0.9349504113197327,-3.1859363502917404e-07,0.772334635257721,0.8324025273323059,-0.01845117285847664,0.8018115162849426,0.7616283297538757,-0.032400041818618774,0.8310138583183289,0.7030946612358093,-0.04227614775300026,0.8509005308151245,0.6563152074813843,-0.049732960760593414,0.9117003083229065,0.8142583966255188,-0.012392413802444935,0.8920208811759949,0.7950896620750427,-0.004864019341766834,0.862860918045044,0.8072380423545837,-0.006175446789711714,0.8451156616210938,0.8203977346420288,-0.009884115308523178,0.9262470602989197,0.8725420236587524,-0.004122609738260508,0.9039271473884583,0.8450188636779785,0.008809729479253292,0.8807412981987,0.8496978282928467,0.004888738505542278,0.8628618121147156,0.8646441102027893,-0.004205347970128059,0.9209116101264954,0.9214949607849121,0.005588663276284933,0.9043191075325012,0.8921633958816528,0.01913420297205448,0.8859363198280334,0.8952716588973999,0.019459599629044533,0.8671221733093262,0.9063833355903625,0.013341364450752735,0.9093307256698608,0.9592882990837097,0.01362699642777443,0.9020174741744995,0.9365576505661011,0.023895634338259697,0.8832772374153137,0.9361550211906433,0.030725475400686264,0.8664019107818604,0.9438651204109192,0.03386300429701805,thumbs up
0.7385246753692627,0.5618191361427307,-3.8048105466259585e-07,0.7374752759933472,0.4741283357143402,-0.009394096210598946,0.7523112893104553,0.41266146302223206,-0.021883539855480194,0.7688968181610107,0.3573417365550995,-0.03313422203063965,0.7749267816543579,0.31131434440612793,-0.04292042925953865,0.8541211485862732,0.43723294138908386,-0.015105940401554108,0.8443877696990967,0.45622384548187256,-0.014674306847155094,0.824872612953186,0.4730748236179352,-0.017376765608787537,0.8099182844161987,0.4796169102191925,-0.021354496479034424,0.8726668953895569,0.48612385988235474,-0.014905638061463833,0.8582935333251953,0.4983440637588501,-0.006461375392973423,0.8383668661117554,0.5065416097640991,-0.00696139968931675,0.8227588534355164,0.5117332935333252,-0.013315671123564243,0.8742777109146118,0.535658597946167,-0.013531861826777458,0.8564304113388062,0.5400102734565735,-0.004942768253386021,0.8390027284622192,0.5434691905975342,-0.002014199970290065,0.8225876092910767,0.5445418953895569,-0.005947684869170189,0.8681652545928955,0.5809949040412903,-0.013455991633236408,0.8560223579406738,0.5866526961326599,-0.006145371589809656,0.8396875858306885,0.5857334136962891,0.00037092241109348834,0.8249706625938416,0.5821964144706726,0.0029636318795382977,thumbs up
0.425434947013855,0.47320395708084106,-2.7019970616493083e-07,0.43431004881858826,0.40900829434394836,-0.004287430550903082,0.4503059983253479,0.34368032217025757,-0.016381220892071724,0.4570184350013733,0.2906586527824402,-0.029339438304305077,0.4503370225429535,0.2490844428539276,-0.04024261236190796,0.5137560963630676,0.3164442777633667,-0.016069777309894562,0.5667076706886292,0.3635523021221161,-0.02929511107504368,0.5498841404914856,0.3888709247112274,-0.03858434781432152,0.5268445611000061,0.3887958824634552,-0.04575856402516365,0.5237799882888794,0.34540438652038574,-0.024077923968434334,0.5718441605567932,0.3985320031642914,-0.03026946447789669,0.5518543720245361,0.4195791482925415,-0.03087678551673889,0.5289764404296875,0.41562360525131226,-0.033801961690187454,0.5295810103416443,0.38573387265205383,-0.0325799286365509,0.5726573467254639,0.43342044949531555,-0.03645743802189827,0.5517589449882507,0.45040249824523926,-0.02997780777513981,0.5290522575378418,0.44432252645492554,-0.02831144630908966,0.5330877900123596,0.4318893551826477,-0.04201679676771164,0.5630519390106201,0.46841710805892944,-0.043482061475515366,0.5425522923469543,0.48064833879470825,-0.03683982044458389,0.5224846601486206,0.4724351763725281,-0.032773539423942566,thumbs up
0.3244633376598358,0.5373764038085938,-2.0329083838532824e-07,0.34036365151405334,0.4793049395084381,0.00022577222262043506,0.3637281358242035,0.4136338233947754,-0.009309038519859314,0.3651847839355469,0.3617261052131653,-0.020179109647870064,0.3516377806663513,0.320304811000824,-0.02899315021932125,0.38443198800086975,0.3815610706806183,-0.02003427967429161,0.45437073707580566,0.4159414768218994,-0.03982935845851898,0.43814796209335327,0.4376475214958191,-0.04909821227192879,0.41484054923057556,0.428860068321228,-0.05576073378324509,0.3821519613265991,0.40213119983673096,-0.031609419733285904,0.4543437957763672,0.44387686252593994,-0.04862438887357712,0.4349895417690277,0.4621647000312805,-0.05014709010720253,0.41501685976982117,0.4537120461463928,-0.05267394334077835,0.38052502274513245,0.4357362687587738,-0.04326961934566498,0.4462270140647888,0.47618159651756287,-0.05588015541434288,0.4268482029438019,0.49352505803108215,-0.048676539212465286,0.40863150358200073,0.4842956066131592,-0.04555991664528847,0.38246041536331177,0.47521084547042847,-0.05512108653783798,0.4317532777786255,0.505679190158844,-0.061615921556949615,0.41417232155799866,0.5197961330413818,-0.05675278976559639,0.3956458866596222,0.5119686126708984,-0.054493293166160583,thumbs up
0.39727455377578735,0.8429378867149353,-2.5293607563980913e-07,0.41476744413375854,0.7661278247833252,-0.004504602402448654,0.4401891827583313,0.6895276308059692,-0.018008343875408173,0.44776803255081177,0.6282609701156616,-0.03184330835938454,0.4449150562286377,0.5790481567382812,-0.043559782207012177,0.5016781687736511,0.7146058082580566,-0.02637098915874958,0.5607610940933228,0.730331540107727,-0.040084779262542725,0.5407006740570068,0.7418298721313477,-0.04630856215953827,0.5168171525001526,0.7439025044441223,-0.049223173409700394,0.506544828414917,0.7675963044166565,-0.03277530148625374,0.5623488426208496,0.7719801664352417,-0.038282521069049835,0.5431702136993408,0.776971697807312,-0.034966401755809784,0.5176862478256226,0.7803174257278442,-0.034301649779081345,0.5065963268280029,0.8178224563598633,-0.03886507451534271,0.5523476004600525,0.8151658773422241,-0.038244765251874924,0.534260630607605,0.8188763856887817,-0.026013879105448723,0.5106350183486938,0.8211089372634888,-0.020933793857693672,0.5039761066436768,0.863726794719696,-0.045598309487104416,0.5372379422187805,0.8554434776306152,-0.0409223809838295,0.5188993215560913,0.8575032949447632,-0.027704861015081406,0.49977508187294006,0.8588957190513611,-0.01981666311621666,thumbs up
0.2787450850009918,0.8140309453010559,-1.8399055079498794e-07,0.2888769507408142,0.7518085837364197,-0.011800422333180904,0.31028205156326294,0.674400806427002,-0.028473718091845512,0.31177884340286255,0.6195696592330933,-0.04379712790250778,0.30170938372612,0.5731806755065918,-0.05677281692624092,0.3259955942630768,0.6768466234207153,-0.04574993997812271,0.3974504768848419,0.6871432065963745,-0.0688457265496254,0.3811857998371124,0.7068942785263062,-0.07876849919557571,0.35506877303123474,0.707109808921814,-0.08355795592069626,0.32465603947639465,0.7223024964332581,-0.05136257782578468,0.39860931038856506,0.7271850109100342,-0.0685209259390831,0.3792048692703247,0.7412992715835571,-0.06622689962387085,0.35142782330513,0.7430403232574463,-0.06533445417881012,0.3261057734489441,0.769291341304779,-0.05692090466618538,0.3916683793067932,0.768904447555542,-0.06674699485301971,0.37274083495140076,0.7795050740242004,-0.05286846682429314,0.3479958474636078,0.781657338142395,-0.044985439628362656,0.3295271396636963,0.8139251470565796,-0.06353442370891571,0.3822803497314453,0.8059034943580627,-0.06526757031679153,0.3653852343559265,0.8116183876991272,-0.0525551475584507,0.3421337902545929,0.8142423629760742,-0.0450374074280262,thumbs up
0.29553332924842834,0.3309533894062042,6.814701691837399e-08,0.3186630308628082,0.28309983015060425,-0.005571083631366491,0.33772483468055725,0.2241555154323578,-0.01275079045444727,0.34825584292411804,0.17845846712589264,-0.020794501528143883,0.35165631771087646,0.1455317884683609,-0.027000537142157555,0.3234093189239502,0.17974664270877838,-0.009649734944105148,0.36953872442245483,0.18796691298484802,-0.030546950176358223,0.38077640533447266,0.2144053727388382,-0.04406692460179329,0.3780159056186676,0.22778724133968353,-0.050600770860910416,0.31632500886917114,0.1962490975856781,-0.014853774569928646,0.36476707458496094,0.20825064182281494,-0.029499543830752373,0.3741036653518677,0.23407767713069916,-0.033262159675359726,0.3701534867286682,0.24749957025051117,-0.03549153730273247,0.31284207105636597,0.2214537411928177,-0.022007033228874207,0.360477477312088,0.23484383523464203,-0.03570207953453064,0.36515799164772034,0.25869280099868774,-0.029914190992712975,0.3587948977947235,0.27170681953430176,-0.02434476837515831,0.31214696168899536,0.25156062841415405,-0.030049558728933334,0.35305964946746826,0.25717219710350037,-0.03805378079414368,0.35630306601524353,0.2785912752151489,-0.03179433196783066,0.3508096933364868,0.2915135622024536,-0.025652406737208366,thumbs up
0.5306020975112915,0.348347932100296,-2.168525128354304e-07,0.5480067729949951,0.2832069993019104,-0.015403456054627895,0.5817530751228333,0.20784050226211548,-0.03190486133098602,0.594987690448761,0.14580300450325012,-0.04633144289255142,0.5916411280632019,0.09156632423400879,-0.0581464022397995,0.6354739665985107,0.19992168247699738,-0.03457603231072426,0.6989877223968506,0.2642785906791687,-0.05559073016047478,0.6748377680778503,0.27409881353378296,-0.06697273999452591,0.6493982076644897,0.2582237422466278,-0.07472223788499832,0.6342886090278625,0.24283835291862488,-0.03908713534474373,0.698061466217041,0.2994109094142914,-0.05475418642163277,0.6724490523338318,0.30444449186325073,-0.05608072876930237,0.6475412845611572,0.2915324866771698,-0.058289676904678345,0.6297934651374817,0.29295334219932556,-0.04459092766046524,0.6902918815612793,0.3389844596385956,-0.05721614137291908,0.6644774079322815,0.3428378999233246,-0.04891066998243332,0.6401429772377014,0.3305233120918274,-0.04430694133043289,0.6258640289306641,0.34558340907096863,-0.05128733441233635,0.6721987724304199,0.375191330909729,-0.05893035605549812,0.6485424041748047,0.37911874055862427,-0.051736973226070404,0.6254950165748596,0.3688185513019562,-0.046708136796951294,thumbs up
0.6456931829452515,0.5500911474227905,-4.912345161756093e-07,0.6593284606933594,0.4421956539154053,-0.007646402809768915,0.6891424059867859,0.3550991117954254,-0.01817326433956623,0.715683102607727,0.29052984714508057,-0.027959320694208145,0.7239413261413574,0.2361670583486557,-0.03610028699040413,0.7814363837242126,0.4090014696121216,-0.014682562090456486,0.7882962226867676,0.4094271659851074,-0.015230259858071804,0.7639397382736206,0.41899573802948,-0.01896549016237259,0.7445422410964966,0.4251740872859955,-0.02339913137257099,0.7927533984184265,0.47215956449508667,-0.016265612095594406,0.7992517352104187,0.46524739265441895,-0.007713681552559137,0.7783188819885254,0.46522587537765503,-0.007470826618373394,0.7575526237487793,0.47694721817970276,-0.012684984132647514,0.7877112030982971,0.5340211391448975,-0.01642138883471489,0.8002365827560425,0.522566556930542,-0.008938007988035679,0.7821804881095886,0.5216284990310669,-0.003295191330835223,0.7600955367088318,0.5326584577560425,-0.004354982636868954,0.7751306295394897,0.5896272659301758,-0.01713188737630844,0.7856073379516602,0.5787792205810547,-0.009736376814544201,0.7692044377326965,0.574126124382019,0.0012626246316358447,0.7526059746742249,0.5800034999847412,0.007718411739915609,thumbs up
0.7522854208946228,0.8733185529708862,-5.039155439590104e-07,0.7764559388160706,0.7606478929519653,-0.002667799824848771,0.816510796546936,0.6857383251190186,-0.006491086911410093,0.8499904274940491,0.6225278973579407,-0.011874401941895485,0.8687419295310974,0.5697473287582397,-0.016641216352581978,0.9255960583686829,0.7904880046844482,0.027142126113176346,0.9161667823791504,0.7779030203819275,0.03863540291786194,0.8871663212776184,0.7815896272659302,0.03122689388692379,0.8668866753578186,0.7907038331031799,0.02282094955444336,0.9322290420532227,0.856891393661499,0.027288421988487244,0.912233293056488,0.8348838686943054,0.05215326324105263,0.8883748650550842,0.8294716477394104,0.043976958841085434,0.8682771325111389,0.8418046236038208,0.03015880659222603,0.9199399948120117,0.9120093584060669,0.027791379019618034,0.9014371633529663,0.8876627683639526,0.0508405826985836,0.881561815738678,0.8832873106002808,0.046862564980983734,0.8633942604064941,0.8907338380813599,0.03613515943288803,0.9011000394821167,0.9571133852005005,0.027280215173959732,0.8899290561676025,0.9385988116264343,0.04721079021692276,0.8700686693191528,0.9327072501182556,0.056568682193756104,0.8510183095932007,0.9359124302864075,0.060013335198163986,thumbs up
0.5642802715301514,0.8275498747825623,-5.366256345951115e-07,0.5820614099502563,0.72791987657547,0.009528638795018196,0.6176517605781555,0.6743661761283875,0.005363496020436287,0.6516515016555786,0.6708739399909973,-0.0008585406467318535,0.6705143451690674,0.6929293870925903,-0.00618750648573041,0.7025133371353149,0.6806396245956421,-0.016353316605091095,0.7479398846626282,0.6888911128044128,-0.013829842209815979,0.7269060611724854,0.702095091342926,-0.007251170929521322,0.6993247866630554,0.7071016430854797,-0.0026577082462608814,0.7177963852882385,0.747395932674408,-0.024293486028909683,0.751325786113739,0.7504786849021912,-0.011833914555609226,0.7292441725730896,0.7539376616477966,-0.0028143355157226324,0.7016594409942627,0.757757306098938,-0.001703255227766931,0.7181317806243896,0.8123059868812561,-0.029029633849859238,0.7386996746063232,0.8074594736099243,-0.014394490048289299,0.7180051803588867,0.8095361590385437,-0.00390021619386971,0.6909777522087097,0.8125790357589722,-0.003610903862863779,0.7093662619590759,0.8657236099243164,-0.03313135355710983,0.7232752442359924,0.8618592619895935,-0.017823023721575737,0.704680860042572,0.8590003252029419,-0.0038178584072738886,0.6821066737174988,0.856780469417572,0.0031407650094479322,thumbs up
0.3994812071323395,0.7475636601448059,-1.9686568464294396e-07,0.41139090061187744,0.671139657497406,-0.005567170679569244,0.43010035157203674,0.5894755125045776,-0.019890500232577324,0.4330590069293976,0.5234192609786987,-0.03500199690461159,0.42492008209228516,0.4712952971458435,-0.04789148271083832,0.47864702343940735,0.576622724533081,-0.026368603110313416,0.5463259816169739,0.5866312980651855,-0.0439569428563118,0.5362117290496826,0.6107504963874817,-0.05295635759830475,0.5133649706840515,0.6186404228210449,-0.0576627217233181,0.48679524660110474,0.6205009818077087,-0.033851128071546555,0.5521213412284851,0.6386368274688721,-0.04337702691555023,0.5358555912971497,0.6576650142669678,-0.04249619320034981,0.5091242790222168,0.6591939926147461,-0.0437486469745636,0.4925178587436676,0.6716946959495544,-0.04143727570772171,0.5445227026939392,0.6874008178710938,-0.04534420371055603,0.5266430377960205,0.7001011371612549,-0.03553041070699692,0.5012739300727844,0.6989701390266418,-0.031702280044555664,0.4967511296272278,0.7231190204620361,-0.049731940031051636,0.5354653596878052,0.7315562963485718,-0.04864807799458504,0.5176798105239868,0.739751935005188,-0.037761230021715164,0.49628517031669617,0.7379738688468933,-0.031186794862151146,thumbs up
0.3360803425312042,0.7593770623207092,-2.1938814143140917e-07,0.3445126414299011,0.6945363879203796,-0.009519502520561218,0.3636317253112793,0.6157045364379883,-0.021882737055420876,0.36539798974990845,0.555178701877594,-0.03379020839929581,0.35420557856559753,0.5084268450737,-0.04294535517692566,0.3907643258571625,0.595556378364563,-0.030280137434601784,0.46341514587402344,0.6149047613143921,-0.0518350787460804,0.44798335433006287,0.6392397284507751,-0.061731256544589996,0.42259135842323303,0.638420581817627,-0.0674295499920845,0.3918473422527313,0.6331942081451416,-0.03732224553823471,0.46524956822395325,0.6538916826248169,-0.05305219069123268,0.445209264755249,0.6728631258010864,-0.052665334194898605,0.41971495747566223,0.6705003380775452,-0.05332232639193535,0.39379972219467163,0.6786161661148071,-0.04521230235695839,0.4550478458404541,0.6976579427719116,-0.05694446340203285,0.4354308843612671,0.713120698928833,-0.04850544035434723,0.41383472084999084,0.709479570388794,-0.043881021440029144,0.39731353521347046,0.7255843281745911,-0.05403941869735718,0.4448696970939636,0.7369968891143799,-0.05865173414349556,0.4262111186981201,0.7482346892356873,-0.05104348063468933,0.40632614493370056,0.7452909350395203,-0.0464719720184803,thumbs up
0.2290402352809906,0.8295214772224426,3.7466941193997627e-07,0.17425307631492615,0.7756105661392212,0.0005855945637449622,0.11853211373090744,0.7195573449134827,-0.01930687390267849,0.07520929723978043,0.6550921201705933,-0.038934797048568726,0.043284088373184204,0.6104069352149963,-0.05208854004740715,0.16406691074371338,0.6216822266578674,-0.04820629581809044,0.2069629728794098,0.5424258708953857,-0.05813998356461525,0.2193121314048767,0.572844922542572,-0.05040155351161957,0.21309266984462738,0.6052172183990479,-0.041253700852394104,0.20674681663513184,0.6219531297683716,-0.05913739651441574,0.2371922880411148,0.49195989966392517,-0.077694371342659,0.2460087686777115,0.4189559817314148,-0.07602261751890182,0.25190696120262146,0.3666861355304718,-0.07376816123723984,0.2509227991104126,0.6399508714675903,-0.06419946253299713,0.28305310010910034,0.5667235851287842,-0.06955216079950333,0.28038379549980164,0.5995718836784363,-0.044691991060972214,0.2724369466304779,0.6367493867874146,-0.025979092344641685,0.2955159544944763,0.6709620952606201,-0.06895453482866287,0.31169208884239197,0.6078426837921143,-0.058134421706199646,0.30540359020233154,0.6430508494377136,-0.025960654020309448,0.29721498489379883,0.6766780614852905,-0.001998157473281026,middle finger
0.251684308052063,0.8231545090675354,5.430640612757998e-07,0.19651095569133759,0.7740072011947632,0.0074686757288873196,0.15050356090068817,0.7045595049858093,-0.005155641119927168,0.14170992374420166,0.6273293495178223,-0.017859434708952904,0.17578893899917603,0.6091762185096741,-0.026326768100261688,0.1560158133506775,0.6598678231239319,-0.046268533915281296,0.1967659741640091,0.5716285109519958,-0.05833838880062103,0.2111339122056961,0.5977359414100647,-0.05558597296476364,0.20743855834007263,0.6366336345672607,-0.052011385560035706,0.1948387771844864,0.6571296453475952,-0.061006926000118256,0.2256351262331009,0.5213519334793091,-0.08175954967737198,0.23457777500152588,0.4390474557876587,-0.08611289411783218,0.23924455046653748,0.37643900513648987,-0.08881938457489014,0.24070505797863007,0.6630769371986389,-0.0688580796122551,0.2727645933628082,0.5747867226600647,-0.07629845291376114,0.2731190323829651,0.6053606271743774,-0.05458527058362961,0.2661646604537964,0.6404809355735779,-0.03829773887991905,0.2893950045108795,0.6794009208679199,-0.07603523880243301,0.3036634027957916,0.6090079545974731,-0.07007504999637604,0.3061617314815521,0.6396908760070801,-0.04245153069496155,0.30184781551361084,0.6693932414054871,-0.02198442444205284,middle finger
0.2514176666736603,0.8184946775436401,5.306211505740066e-07,0.1948389708995819,0.7679488062858582,0.009701182134449482,0.14811119437217712,0.7009694576263428,-0.0025824124459177256,0.1400812566280365,0.6226917505264282,-0.015027856454253197,0.17694497108459473,0.6009021997451782,-0.022920895367860794,0.1576557457447052,0.6514059901237488,-0.047213807702064514,0.20007361471652985,0.563090443611145,-0.056390367448329926,0.21347515285015106,0.589796245098114,-0.050030119717121124,0.21002337336540222,0.6282743811607361,-0.0446125864982605,0.19664083421230316,0.6490094661712646,-0.06267646700143814,0.22863668203353882,0.5140730738639832,-0.08394236117601395,0.23699389398097992,0.4341958463191986,-0.0871802344918251,0.2425413429737091,0.3745806813240051,-0.08879951387643814,0.2424100637435913,0.6572803258895874,-0.07040008157491684,0.27537500858306885,0.568427324295044,-0.07725780457258224,0.27483904361724854,0.6014180779457092,-0.05255172774195671,0.2680964469909668,0.6380186080932617,-0.03405194357037544,0.2914893925189972,0.677194356918335,-0.07714136689901352,0.3051214814186096,0.6066138744354248,-0.07045303285121918,0.30667105317115784,0.6382442712783813,-0.04092084988951683,0.3025740683078766,0.6685237884521484,-0.018791062757372856,middle finger
0.18528282642364502,0.8225761651992798,2.2654857900761272e-07,0.26017770171165466,0.7832650542259216,-0.0164909977465868,0.30642038583755493,0.7111745476722717,-0.018363915383815765,0.3186090588569641,0.6279250979423523,-0.024097831919789314,0.28363457322120667,0.5897774696350098,-0.02484086900949478,0.2714850902557373,0.6460532546043396,0.02154845930635929,0.2814498841762543,0.5664697885513306,-0.012700420804321766,0.26208069920539856,0.6110625863075256,-0.036197785288095474,0.24480724334716797,0.6544169187545776,-0.0427059642970562,0.235195592045784,0.6339965462684631,0.017915552482008934,0.24981506168842316,0.5340948700904846,-0.015719393268227577,0.25522729754447937,0.467517614364624,-0.04086863249540329,0.26179981231689453,0.4078523516654968,-0.05259338393807411,0.19707150757312775,0.6418942809104919,0.008109414018690586,0.19707129895687103,0.5802760124206543,-0.037035226821899414,0.19645515084266663,0.6483281254768372,-0.04372755065560341,0.1989385336637497,0.7029431462287903,-0.032782264053821564,0.1580546796321869,0.6594054102897644,-0.0024681591894477606,0.16200223565101624,0.6103674173355103,-0.03092958964407444,0.1693924069404602,0.661262571811676,-0.024515800178050995,0.17475999891757965,0.7038783431053162,-0.010460374876856804,middle finger
0.6979462504386902,0.8069930076599121,2.1109188708123838e-07,0.7369390726089478,0.7263078093528748,0.01864425279200077,0.7475371360778809,0.6470445394515991,0.01048964262008667,0.7208569645881653,0.5922600030899048,-0.0032126496080309153,0.6788827776908875,0.5787516832351685,-0.018274283036589622,0.7677991986274719,0.6108453273773193,-0.02283346839249134,0.7193251252174377,0.5248258709907532,-0.040501855313777924,0.6989976763725281,0.5452785491943359,-0.049467552453279495,0.696073591709137,0.5750479102134705,-0.05284503474831581,0.7208721041679382,0.6170305609703064,-0.04444761574268341,0.6953892111778259,0.48592475056648254,-0.05703101307153702,0.683819591999054,0.41377949714660645,-0.062186118215322495,0.6804388761520386,0.3589712381362915,-0.06787122786045074,0.6712030172348022,0.6342934966087341,-0.06141737103462219,0.6540039777755737,0.5368908643722534,-0.06864601373672485,0.6530818343162537,0.5775070190429688,-0.05220132693648338,0.657505214214325,0.6141183376312256,-0.04008806496858597,0.6264570951461792,0.6608814001083374,-0.07698357105255127,0.6244359612464905,0.5874203443527222,-0.07383347302675247,0.629633367061615,0.619060218334198,-0.048958927392959595,0.6339938640594482,0.6463858485221863,-0.030535666272044182,middle finger
0.7033942341804504,0.800190269947052,1.9293970865419396e-07,0.7437336444854736,0.721727728843689,0.015959205105900764,0.7560728192329407,0.6408650875091553,0.006676508579403162,0.7308024764060974,0.5810026526451111,-0.007368024904280901,0.6887317895889282,0.5629007816314697,-0.022311046719551086,0.7767215371131897,0.606727659702301,-0.027763990685343742,0.7274772524833679,0.5217958688735962,-0.045848019421100616,0.7074971795082092,0.5432603359222412,-0.05413023754954338,0.7044195532798767,0.5741147994995117,-0.057102203369140625,0.7294440865516663,0.614808201789856,-0.04844452068209648,0.7034457921981812,0.4829145073890686,-0.06223146989941597,0.6916043162345886,0.4102192223072052,-0.0673457458615303,0.6875715255737305,0.3557416796684265,-0.07322460412979126,0.6793280839920044,0.6327540874481201,-0.06446047127246857,0.6623576283454895,0.5317294001579285,-0.07271751761436462,0.6619064807891846,0.5724107623100281,-0.05551541596651077,0.6666513681411743,0.6098256707191467,-0.043075382709503174,0.6338923573493958,0.6593403220176697,-0.07929795980453491,0.6331181526184082,0.5837529897689819,-0.07767117768526077,0.6383143663406372,0.6153178811073303,-0.05338546633720398,0.6420108675956726,0.6423441171646118,-0.035441696643829346,middle finger
0.7685144543647766,0.7554584741592407,1.5341854009420786e-07,0.7154086828231812,0.6933443546295166,-0.011275328695774078,0.6911661028862,0.6129952073097229,-0.020136797800660133,0.7078427076339722,0.5394762754440308,-0.035198479890823364,0.747454822063446,0.5139676928520203,-0.04620210453867912,0.7325818538665771,0.5629980564117432,0.015793368220329285,0.7296360731124878,0.49973931908607483,-0.021494003012776375,0.7350085973739624,0.5395938158035278,-0.04779218137264252,0.7432081699371338,0.5813795328140259,-0.05794984847307205,0.7683191299438477,0.5619920492172241,0.004698140546679497,0.7648118734359741,0.45933642983436584,-0.027174927294254303,0.7591171264648438,0.4011468291282654,-0.05034710094332695,0.7612622380256653,0.3474924564361572,-0.06183958798646927,0.8046823143959045,0.579553484916687,-0.011756605468690395,0.8001406192779541,0.5093458294868469,-0.05034279078245163,0.7820641994476318,0.5710704326629639,-0.047983694821596146,0.7736238241195679,0.6211400032043457,-0.03336303308606148,0.8433004021644592,0.6103050708770752,-0.029464278370141983,0.8260670900344849,0.5576076507568359,-0.04819406569004059,0.8077311515808105,0.6016033291816711,-0.0332605242729187,0.7988696098327637,0.6417642831802368,-0.015205185860395432,middle finger
0.695131778717041,0.7976084351539612,3.5801244280264655e-07,0.7380974888801575,0.7134515047073364,0.017814967781305313,0.7441762685775757,0.6330220699310303,0.013451426289975643,0.7246489524841309,0.5745206475257874,0.005146711599081755,0.6863824129104614,0.556007444858551,-0.0021388682071119547,0.7458512187004089,0.5985001921653748,-0.021599240601062775,0.7168514132499695,0.5052227973937988,-0.034735776484012604,0.7059733271598816,0.5303088426589966,-0.03768850490450859,0.7049863338470459,0.5666021704673767,-0.034646645188331604,0.6974834203720093,0.604323148727417,-0.03715746849775314,0.684116005897522,0.4739176034927368,-0.047694411128759384,0.6767958402633667,0.3973643183708191,-0.05032707005739212,0.6733096837997437,0.3435461223125458,-0.0524243600666523,0.6470069885253906,0.6187849044799805,-0.047646231949329376,0.6454090476036072,0.5281698107719421,-0.048456355929374695,0.6525837182998657,0.554257869720459,-0.0319366492331028,0.6564197540283203,0.5886790752410889,-0.019489679485559464,0.6065174341201782,0.6410118341445923,-0.056752875447273254,0.6161978244781494,0.5693390965461731,-0.04303816333413124,0.6262692213058472,0.5935313105583191,-0.014769279398024082,0.629146933555603,0.6232279539108276,0.005750766955316067,middle finger
0.4084344506263733,0.800731897354126,2.5197513764396717e-07,0.3817075788974762,0.7548790574073792,0.009800495579838753,0.3639400601387024,0.70234614610672,0.004361357074230909,0.37113121151924133,0.6510044932365417,-0.0023878994397819042,0.3896101713180542,0.6258774995803833,-0.00583275780081749,0.37155041098594666,0.6760846376419067,-0.023973535746335983,0.3995051085948944,0.6104126572608948,-0.034452181309461594,0.40564441680908203,0.6281925439834595,-0.03439178690314293,0.4018099308013916,0.6540775895118713,-0.03138522058725357,0.3961000442504883,0.6838493943214417,-0.034953564405441284,0.42110157012939453,0.5971996188163757,-0.050258882343769073,0.4346259832382202,0.5490167737007141,-0.052954766899347305,0.44478803873062134,0.5132459998130798,-0.05338619649410248,0.4243154227733612,0.6989087462425232,-0.04157043620944023,0.44787418842315674,0.6449452638626099,-0.04780704900622368,0.4451103210449219,0.6631200909614563,-0.032637856900691986,0.438123881816864,0.6853527426719666,-0.020133092999458313,0.4520418643951416,0.7207874059677124,-0.04723948612809181,0.4636279046535492,0.6766165494918823,-0.04294740408658981,0.4604189693927765,0.6929302215576172,-0.022968407720327377,0.4544994831085205,0.7109488248825073,-0.007233045529574156,middle finger
0.4116998314857483,0.80361008644104,2.688343272438942e-07,0.3837590217590332,0.7583982944488525,0.00807194598019123,0.3633105754852295,0.7038391828536987,0.0008533006184734404,0.3707349896430969,0.6507668495178223,-0.006904278416186571,0.39212995767593384,0.625230610370636,-0.011027675122022629,0.37362751364707947,0.6790440678596497,-0.030365273356437683,0.40218812227249146,0.6110173463821411,-0.04032032564282417,0.4070943295955658,0.6309359073638916,-0.03831621631979942,0.4024038016796112,0.6577786803245544,-0.03437653183937073,0.39878377318382263,0.6875742077827454,-0.04083036631345749,0.42398062348365784,0.5972992777824402,-0.05745801702141762,0.43709638714790344,0.5483819246292114,-0.05931825935840607,0.44715747237205505,0.5121930837631226,-0.05918015539646149,0.4279312193393707,0.7033823132514954,-0.0464605875313282,0.45044225454330444,0.6454324722290039,-0.05349085479974747,0.44721490144729614,0.6654208302497864,-0.036357391625642776,0.44034913182258606,0.6894699931144714,-0.022512830793857574,0.45695218443870544,0.7260530591011047,-0.05112940073013306,0.46676406264305115,0.6777766942977905,-0.04729064181447029,0.4630202054977417,0.6954692602157593,-0.026050614193081856,0.45741507411003113,0.7149755954742432,-0.009488044306635857,middle finger
0.4111218750476837,0.7959562540054321,2.560966834153078e-07,0.38163676857948303,0.751717209815979,0.009155940264463425,0.36084017157554626,0.7013680934906006,0.002755911322310567,0.36820122599601746,0.6505334377288818,-0.004522728733718395,0.39175593852996826,0.628976047039032,-0.00818465743213892,0.37054410576820374,0.6732390522956848,-0.027070293202996254,0.3974520266056061,0.6066790819168091,-0.0360545888543129,0.40291449427604675,0.6256526112556458,-0.03376505523920059,0.39848437905311584,0.651705265045166,-0.0295991413295269,0.39622217416763306,0.6799226999282837,-0.0375216044485569,0.41867297887802124,0.5923560857772827,-0.053323306143283844,0.4303303360939026,0.5439669489860535,-0.055008504539728165,0.4387272894382477,0.5084079504013062,-0.05455484986305237,0.4253550171852112,0.6947759389877319,-0.043172188103199005,0.4461030960083008,0.6405669450759888,-0.04921363294124603,0.44352468848228455,0.6590514183044434,-0.03233131393790245,0.43690598011016846,0.6821550130844116,-0.018443593755364418,0.45404744148254395,0.7175360918045044,-0.04782886803150177,0.4630831778049469,0.6707376837730408,-0.042720865458250046,0.4595341086387634,0.6875225305557251,-0.02126665599644184,0.4538808763027191,0.7075097560882568,-0.004448984749615192,middle finger
0.6788840889930725,0.7733393311500549,1.26951078982529e-07,0.7056859731674194,0.7287110686302185,0.008913716301321983,0.7140951752662659,0.6882860660552979,0.012526939623057842,0.699404239654541,0.6530088186264038,0.01423786673694849,0.6790358424186707,0.642282247543335,0.016299232840538025,0.6929649710655212,0.6443181037902832,0.008973726071417332,0.6737597584724426,0.6215450167655945,0.010865404270589352,0.670256495475769,0.6367009878158569,0.011545984074473381,0.6720400452613831,0.6532317399978638,0.01362160686403513,0.6668142676353455,0.6457237005233765,0.0033495230600237846,0.6553031802177429,0.5925498604774475,0.008863075636327267,0.6481534838676453,0.5606091618537903,0.011120624840259552,0.6455037593841553,0.5401468276977539,0.01219112053513527,0.6427225470542908,0.6590556502342224,-0.0012400065315887332,0.6372465491294861,0.6306185722351074,0.0027244093362241983,0.6406521201133728,0.6493773460388184,0.006904670502990484,0.6457099318504333,0.6685293316841125,0.010283860377967358,0.6232941746711731,0.680726945400238,-0.00519995903596282,0.6252701878547668,0.659991443157196,0.002082442631945014,0.6308611631393433,0.6778979897499084,0.012626473791897297,0.6353495121002197,0.6942394375801086,0.0206878874450922,middle finger
0.38263025879859924,0.7606798410415649,2.085554058339767e-07,0.3646896779537201,0.7189320921897888,0.01169066596776247,0.35864385962486267,0.6811915636062622,0.009258355014026165,0.3699813783168793,0.6469091176986694,0.00427565723657608,0.38749152421951294,0.6325575113296509,0.0006748477462679148,0.35531383752822876,0.642818808555603,-0.0085655702278018,0.3860533833503723,0.6031432151794434,-0.011415383778512478,0.3997741937637329,0.6152608394622803,-0.008846920914947987,0.40231817960739136,0.6291067600250244,-0.005505153443664312,0.3757859766483307,0.6457266807556152,-0.018771184608340263,0.4031391739845276,0.5863099098205566,-0.021408280357718468,0.41869470477104187,0.5549665689468384,-0.02065482921898365,0.42912420630455017,0.5326356887817383,-0.020204897969961166,0.3983711302280426,0.6563810110092163,-0.025996681302785873,0.42499837279319763,0.6298641562461853,-0.023330874741077423,0.4238521158695221,0.648640513420105,-0.013941739685833454,0.416843980550766,0.6668158173561096,-0.007871568202972412,0.42054611444473267,0.6731082797050476,-0.03262277692556381,0.43741291761398315,0.6537943482398987,-0.024650396779179573,0.43468546867370605,0.6715579032897949,-0.011144808493554592,0.42943939566612244,0.6855649948120117,-0.0013368177460506558,middle finger
0.3845037817955017,0.7626945376396179,2.0994713167965529e-07,0.3665229082107544,0.7196128368377686,0.012318026274442673,0.3602941334247589,0.683076798915863,0.009861359372735023,0.3731079697608948,0.6510939598083496,0.004620002582669258,0.3920677900314331,0.6388483643531799,0.0007476343307644129,0.35778671503067017,0.6452080607414246,-0.008302384987473488,0.3887915313243866,0.6062740683555603,-0.011009449139237404,0.40200507640838623,0.6190767288208008,-0.00806708075106144,0.4037250280380249,0.6339515447616577,-0.004482579417526722,0.3781621754169464,0.6475081443786621,-0.018973516300320625,0.4049816131591797,0.5881454944610596,-0.022051943466067314,0.4197777807712555,0.556726336479187,-0.021783413365483284,0.4292820692062378,0.5352034568786621,-0.021567046642303467,0.4005677103996277,0.6578510999679565,-0.02650916762650013,0.4268766939640045,0.6321805119514465,-0.024244870990514755,0.4258153736591339,0.6506529450416565,-0.015468809753656387,0.4183182120323181,0.668857753276825,-0.009685061872005463,0.42242202162742615,0.674971342086792,-0.0333225280046463,0.4394582211971283,0.6565738916397095,-0.025688037276268005,0.4370477497577667,0.6736814975738525,-0.012468086555600166,0.43158209323883057,0.6874932646751404,-0.002732069930061698,middle finger
0.7003175616264343,0.8172256946563721,3.344751462464046e-07,0.744133710861206,0.7304906845092773,0.012201921083033085,0.755010724067688,0.6458110213279724,0.006171487271785736,0.7293058633804321,0.5788825750350952,-0.0022082289215177298,0.6843428611755371,0.5643278956413269,-0.009991398081183434,0.7376465797424316,0.606265127658844,-0.026032505556941032,0.7038773894309998,0.5238232016563416,-0.04114556685090065,0.6945982575416565,0.5503561496734619,-0.045998863875865936,0.6954652667045593,0.5854876637458801,-0.044314853847026825,0.6892432570457458,0.6168568134307861,-0.03928720951080322,0.6701157689094543,0.4884433150291443,-0.05129019916057587,0.6591079831123352,0.41337722539901733,-0.054154593497514725,0.6541870832443237,0.36007237434387207,-0.056211717426776886,0.6415047645568848,0.6383604407310486,-0.04789990931749344,0.6327989101409912,0.5501279234886169,-0.053734954446554184,0.641089916229248,0.5797218084335327,-0.038271088153123856,0.648784339427948,0.6164097785949707,-0.025275886058807373,0.6037482023239136,0.6679807901382446,-0.0552106536924839,0.604703426361084,0.5945946574211121,-0.0468437522649765,0.6159172058105469,0.6216340065002441,-0.019756436347961426,0.6212928295135498,0.6521593928337097,0.0007440130575560033,middle finger
0.7011123299598694,0.8184201717376709,3.533346557560435e-07,0.7450454831123352,0.7327916026115417,0.00908112246543169,0.7556120157241821,0.6439082026481628,0.00152341288048774,0.7281286716461182,0.576704204082489,-0.007994594052433968,0.6819538474082947,0.5646317005157471,-0.01726401224732399,0.7369148135185242,0.6107026934623718,-0.03056977316737175,0.7012684941291809,0.5264561176300049,-0.04824462905526161,0.6920613646507263,0.5540040731430054,-0.05529063940048218,0.6925395131111145,0.5884288549423218,-0.05481244623661041,0.6882631778717041,0.6239920258522034,-0.04313063248991966,0.668117105960846,0.49274858832359314,-0.05479969456791878,0.6572108864784241,0.41730982065200806,-0.0574321448802948,0.6521021127700806,0.3630790412425995,-0.05968625098466873,0.6405394077301025,0.6465892791748047,-0.051586467772722244,0.6309241056442261,0.5534754991531372,-0.058736398816108704,0.6400755047798157,0.5837823152542114,-0.04431740939617157,0.6489647626876831,0.6212035417556763,-0.03208967670798302,0.6021813154220581,0.6753829717636108,-0.05892429128289223,0.60384202003479,0.5981981158256531,-0.052154291421175,0.6149508357048035,0.6258454322814941,-0.026011016219854355,0.620436429977417,0.6561557650566101,-0.006363735068589449,middle finger
0.7022309899330139,0.8210551738739014,3.335576934659912e-07,0.7450926303863525,0.733166515827179,0.01106476690620184,0.7550627589225769,0.6456239819526672,0.004047013819217682,0.7293021082878113,0.5791562795639038,-0.005429841112345457,0.6842684149742126,0.5650825500488281,-0.01451927050948143,0.7392090559005737,0.609651505947113,-0.028768319636583328,0.703283429145813,0.5274596810340881,-0.04505462571978569,0.6934572458267212,0.5545679330825806,-0.05079851299524307,0.6942824125289917,0.5892135500907898,-0.049920979887247086,0.6904680728912354,0.6230384707450867,-0.04251996800303459,0.6692634224891663,0.4950879216194153,-0.05512145534157753,0.6569856405258179,0.4196650981903076,-0.05850188061594963,0.6513311266899109,0.36543864011764526,-0.06138889864087105,0.642131507396698,0.6461396217346191,-0.051777422428131104,0.6324580907821655,0.5537275671958923,-0.058760643005371094,0.6408745050430298,0.5843233466148376,-0.043277397751808167,0.6491944789886475,0.6212899684906006,-0.030510934069752693,0.6037175059318542,0.6762566566467285,-0.05982917919754982,0.6045511364936829,0.598799467086792,-0.053010568022727966,0.6156362891197205,0.6263353824615479,-0.026299497112631798,0.621242344379425,0.6568997502326965,-0.006225659977644682,middle finger
0.23327113687992096,0.8372993469238281,3.287413221642055e-07,0.19421246647834778,0.7588289380073547,0.0275417547672987,0.18139685690402985,0.6875123977661133,0.025047091767191887,0.20722809433937073,0.6247026920318604,0.018922938033938408,0.24151982367038727,0.6010786890983582,0.016967497766017914,0.1736079752445221,0.6323219537734985,-0.025992142036557198,0.21286995708942413,0.5415325164794922,-0.03361854329705238,0.22781063616275787,0.5643501281738281,-0.02620675042271614,0.22832311689853668,0.5988678932189941,-0.01658260077238083,0.21631555259227753,0.6397216320037842,-0.04471632465720177,0.24796344339847565,0.5133479833602905,-0.06383751332759857,0.2630893290042877,0.4380049407482147,-0.06672516465187073,0.27438420057296753,0.3837015628814697,-0.06596765667200089,0.2639367878437042,0.6569340825080872,-0.0544939823448658,0.2913753390312195,0.5839585065841675,-0.05568009242415428,0.2846182584762573,0.6032984852790833,-0.03292616084218025,0.2741925120353699,0.6314378380775452,-0.014753798954188824,0.3076622188091278,0.6891928315162659,-0.06172172352671623,0.31642574071884155,0.6236310005187988,-0.043699827045202255,0.30982711911201477,0.646635890007019,-0.009426639415323734,0.30542805790901184,0.6736241579055786,0.016512351110577583,middle finger
0.22707509994506836,0.8355315923690796,3.5622565519588534e-07,0.18885226547718048,0.7554874420166016,0.02876017801463604,0.17712128162384033,0.6854087710380554,0.026163604110479355,0.20367702841758728,0.6248427033424377,0.01927228271961212,0.23813261091709137,0.6021616458892822,0.016357984393835068,0.16614612936973572,0.6313338875770569,-0.025136658921837807,0.20938827097415924,0.542547345161438,-0.03309173136949539,0.225871279835701,0.5646376609802246,-0.026158658787608147,0.22652150690555573,0.5972819328308105,-0.017103642225265503,0.20791465044021606,0.6400873064994812,-0.04553435370326042,0.2417147308588028,0.5143781900405884,-0.06537935882806778,0.25703755021095276,0.4388691186904907,-0.06804671883583069,0.26819416880607605,0.384644478559494,-0.06705749034881592,0.25456079840660095,0.6582003831863403,-0.057147786021232605,0.2860899865627289,0.5845261216163635,-0.058389272540807724,0.27982276678085327,0.6037842035293579,-0.03473205864429474,0.2687761187553406,0.6322937607765198,-0.015978924930095673,0.29829105734825134,0.6909379363059998,-0.06633447110652924,0.31090956926345825,0.6243982315063477,-0.047849249094724655,0.30433589220046997,0.6465719938278198,-0.013066960498690605,0.2986612915992737,0.673768162727356,0.013096757233142853,middle finger
0.22830119729042053,0.8325312733650208,3.855764134641504e-07,0.19076000154018402,0.7535685300827026,0.027627570554614067,0.17925295233726501,0.6850348711013794,0.024004992097616196,0.20503970980644226,0.6254836916923523,0.016598373651504517,0.23876769840717316,0.6018921732902527,0.013285327702760696,0.16811543703079224,0.6312201619148254,-0.028799040243029594,0.21271046996116638,0.5439248085021973,-0.03625522553920746,0.22954848408699036,0.5654345154762268,-0.028271574527025223,0.230396568775177,0.5967720746994019,-0.018756210803985596,0.20975208282470703,0.6402091979980469,-0.048684775829315186,0.24396976828575134,0.5142208933830261,-0.06903378665447235,0.2598763108253479,0.43840157985687256,-0.07151322811841965,0.27181899547576904,0.384181946516037,-0.07039166986942291,0.25578707456588745,0.6590079069137573,-0.05949602276086807,0.28840911388397217,0.5852271318435669,-0.06123220920562744,0.2823145091533661,0.6056403517723083,-0.037038013339042664,0.27112916111946106,0.6347944140434265,-0.017896365374326706,0.2991895377635956,0.6920965909957886,-0.0678580179810524,0.3125884532928467,0.6263236999511719,-0.050630249083042145,0.30659204721450806,0.6489125490188599,-0.016186673194169998,0.3005342185497284,0.6758066415786743,0.009937657974660397,middle finger
0.21489036083221436,0.8289008140563965,4.2111341258532775e-07,0.1802304983139038,0.7535321712493896,0.01771005615592003,0.16921651363372803,0.6774831414222717,0.00938695389777422,0.1963106393814087,0.6164219975471497,-0.002422766527161002,0.2294350266456604,0.5908017158508301,-0.0110083082690835,0.15138690173625946,0.6301652193069458,-0.032171960920095444,0.20248515903949738,0.545305073261261,-0.04828215762972832,0.2233777642250061,0.5705599784851074,-0.05014150217175484,0.22302578389644623,0.6045106649398804,-0.04675330966711044,0.1892889440059662,0.6426142454147339,-0.05113871768116951,0.23223905265331268,0.5172107815742493,-0.07150198519229889,0.25620025396347046,0.44651681184768677,-0.07638464868068695,0.2711445093154907,0.39322715997695923,-0.0775466337800026,0.2345270812511444,0.6624076962471008,-0.06396348774433136,0.2752600610256195,0.5896911025047302,-0.07094989717006683,0.2725439965724945,0.6159812808036804,-0.052363377064466476,0.26048722863197327,0.6465078592300415,-0.036904484033584595,0.2786051630973816,0.6928746104240417,-0.07535827159881592,0.2986147999763489,0.6292594075202942,-0.06470709294080734,0.2950483560562134,0.6565614342689514,-0.03491031005978584,0.2898462414741516,0.683473527431488,-0.012201343663036823,middle finger
0.1913820505142212,0.827616274356842,3.7728131019321154e-07,0.1511843204498291,0.7525961399078369,0.0209531020373106,0.13532650470733643,0.6788369417190552,0.015781518071889877,0.1576957255601883,0.6147100329399109,0.007119792513549328,0.18933910131454468,0.5871163606643677,0.001626368728466332,0.12149757146835327,0.6271554231643677,-0.02621406689286232,0.16932545602321625,0.5479600429534912,-0.0336584746837616,0.1876729279756546,0.5751683712005615,-0.029359251260757446,0.18538519740104675,0.608664333820343,-0.023563949391245842,0.161638081073761,0.6328148245811462,-0.04524410143494606,0.19953802227973938,0.5133820176124573,-0.058060165494680405,0.21857543289661407,0.4431668519973755,-0.05985134467482567,0.23007823526859283,0.3898782730102539,-0.060509659349918365,0.20770642161369324,0.6487252116203308,-0.057364825159311295,0.24331362545490265,0.5825560092926025,-0.05703071132302284,0.24239087104797363,0.6099486351013184,-0.03686932101845741,0.2329803705215454,0.641467273235321,-0.022563667967915535,0.2529381811618805,0.6771899461746216,-0.06799428164958954,0.2684786915779114,0.6202717423439026,-0.05419788509607315,0.2660108804702759,0.6485741138458252,-0.024542296305298805,0.26127079129219055,0.6753895878791809,-0.0027832896448671818,middle finger
0.18434357643127441,0.8292235732078552,3.6290219895818154e-07,0.14403653144836426,0.7537322640419006,0.02058701030910015,0.12741988897323608,0.6784802079200745,0.015963787212967873,0.14759570360183716,0.6122006177902222,0.00764830969274044,0.1780942678451538,0.5821091532707214,0.002343397354707122,0.11272957175970078,0.6266725063323975,-0.024164993315935135,0.16076087951660156,0.5471059679985046,-0.03109332174062729,0.18042689561843872,0.5706958770751953,-0.02662000246345997,0.17874068021774292,0.600994884967804,-0.02094353921711445,0.15206004679203033,0.6307085752487183,-0.04317177087068558,0.19037646055221558,0.5127270221710205,-0.05370431765913963,0.21021148562431335,0.44400933384895325,-0.054356060922145844,0.22187349200248718,0.3924087882041931,-0.05474493280053139,0.1973458081483841,0.6460095643997192,-0.05572804808616638,0.23477602005004883,0.580226480960846,-0.05445774644613266,0.23430269956588745,0.6088273525238037,-0.034881461411714554,0.2242603451013565,0.6409756541252136,-0.021557891741394997,0.24254673719406128,0.6737711429595947,-0.0669826939702034,0.26116126775741577,0.6184097528457642,-0.0539727583527565,0.2586384415626526,0.6481014490127563,-0.025957094505429268,0.252269983291626,0.6751412153244019,-0.005562445614486933,middle finger
0.18386298418045044,0.8301882743835449,3.727029707079055e-07,0.14406555891036987,0.7525011897087097,0.024466821923851967,0.12772120535373688,0.6781604886054993,0.021682510152459145,0.14847992360591888,0.6105366349220276,0.014862398616969585,0.1781347543001175,0.5812828540802002,0.011033072136342525,0.11377100646495819,0.6264843940734863,-0.02285473607480526,0.16381777822971344,0.5474315285682678,-0.028249844908714294,0.18318387866020203,0.5690686702728271,-0.021955162286758423,0.1816951185464859,0.5993184447288513,-0.015194529667496681,0.15256689488887787,0.6314430236816406,-0.042794518172740936,0.19154292345046997,0.5136591792106628,-0.05519125238060951,0.2113419771194458,0.44411516189575195,-0.056335125118494034,0.2240602672100067,0.39416563510894775,-0.05665414407849312,0.19765296578407288,0.6473722457885742,-0.0552956759929657,0.23660296201705933,0.5796415209770203,-0.053531792014837265,0.23542435467243195,0.6053997874259949,-0.0325746014714241,0.22474858164787292,0.6368795037269592,-0.01829562522470951,0.24218636751174927,0.6763705015182495,-0.06616785377264023,0.26225557923316956,0.6186668872833252,-0.05173610895872116,0.25956642627716064,0.6461615562438965,-0.022606344893574715,0.2525416612625122,0.6727050542831421,-0.001403317553922534,middle finger
0.7045515775680542,0.8397303819656372,4.372683406472788e-07,0.7704740166664124,0.7590309381484985,-0.000903126725461334,0.8196048736572266,0.6802821755409241,-0.015169801190495491,0.8524750471115112,0.6015499830245972,-0.02901707962155342,0.861757755279541,0.5369658470153809,-0.037905845791101456,0.7560198903083801,0.6049351096153259,-0.04385950788855553,0.7169074416160583,0.5048521161079407,-0.06188689172267914,0.7073532938957214,0.5421202182769775,-0.06290765851736069,0.7088310718536377,0.5894411206245422,-0.056561317294836044,0.7020370960235596,0.6234980821609497,-0.053043436259031296,0.6757910847663879,0.4802961051464081,-0.07828563451766968,0.6573919653892517,0.39264312386512756,-0.08623767644166946,0.6452270746231079,0.3299542963504791,-0.08992284536361694,0.6498335599899292,0.6539950370788574,-0.057106178253889084,0.6370967626571655,0.5471050143241882,-0.07382192462682724,0.6452722549438477,0.5775144696235657,-0.054907508194446564,0.654029369354248,0.6166911721229553,-0.03635797277092934,0.6071458458900452,0.6955801248550415,-0.06022494658827782,0.6028093099594116,0.5989968180656433,-0.05748903751373291,0.6159787178039551,0.6301044225692749,-0.025736907497048378,0.624341607093811,0.6679438352584839,0.0007241357816383243,middle finger
0.7021164298057556,0.8378294110298157,4.445506363026652e-07,0.767143964767456,0.7571937441825867,-0.0018139638705179095,0.8149294257164001,0.6789973378181458,-0.015974823385477066,0.8452695608139038,0.5992754697799683,-0.02960718795657158,0.8504117727279663,0.5330491065979004,-0.038321249186992645,0.7512751221656799,0.6057980060577393,-0.043992284685373306,0.7117646932601929,0.5066001415252686,-0.06218525394797325,0.7024990916252136,0.543201744556427,-0.06315480172634125,0.70406574010849,0.5902525186538696,-0.05673118680715561,0.6981618404388428,0.6258364319801331,-0.05280609056353569,0.6709689497947693,0.48282119631767273,-0.07789810001850128,0.6524224281311035,0.3954411745071411,-0.0853441134095192,0.6399233341217041,0.33300793170928955,-0.08861619234085083,0.646770715713501,0.6576240658760071,-0.056825220584869385,0.6322966814041138,0.5485444664955139,-0.07404863834381104,0.6402474641799927,0.5771560668945312,-0.055194493383169174,0.648646354675293,0.6152669787406921,-0.03645821660757065,0.6045666933059692,0.700196385383606,-0.05993751063942909,0.5983959436416626,0.5993140935897827,-0.057658445090055466,0.611547589302063,0.6282260417938232,-0.026030253618955612,0.6203583478927612,0.66574627161026,0.00041037070332095027,middle finger
0.2682081460952759,0.8465362787246704,-4.001659590358031e-07,0.2210446447134018,0.7665598392486572,0.04282555729150772,0.20761272311210632,0.6930397152900696,0.06125849112868309,0.22489893436431885,0.6338041424751282,0.07401388138532639,0.2525678873062134,0.6083965301513672,0.08310981094837189,0.20300988852977753,0.6296510100364685,0.01025004405528307,0.20787140727043152,0.5194631814956665,0.016864513978362083,0.21344783902168274,0.45459169149398804,0.02329275757074356,0.21700629591941833,0.40697556734085083,0.026699980720877647,0.24398910999298096,0.6262470483779907,-0.006050963886082172,0.2742886543273926,0.56330806016922,0.00645717978477478,0.2820550203323364,0.6001589894294739,0.018940219655632973,0.2778758406639099,0.6247710585594177,0.024726897478103638,0.29054343700408936,0.6377753615379333,-0.016122134402394295,0.31251996755599976,0.5815979242324829,-0.01030978187918663,0.31472334265708923,0.6161900758743286,0.0018203872023150325,0.3077990710735321,0.6378353238105774,0.008739355020225048,0.33489930629730225,0.6544208526611328,-0.020854834467172623,0.3467554748058319,0.5460844039916992,-0.022622564807534218,0.35372158885002136,0.49704962968826294,-0.01578270085155964,0.3554144501686096,0.4529736638069153,-0.009034532122313976,yo
0.26428094506263733,0.8429644703865051,-3.7846496070415014e-07,0.21723201870918274,0.7628785967826843,0.04160967469215393,0.20286214351654053,0.689817488193512,0.057717014104127884,0.21871504187583923,0.6323699951171875,0.06782118231058121,0.2457747608423233,0.6082935333251953,0.0741303339600563,0.19901302456855774,0.628636360168457,0.007137720938771963,0.2052052617073059,0.5194475054740906,0.011453917250037193,0.2111840546131134,0.45577332377433777,0.01616748794913292,0.21466921269893646,0.40888428688049316,0.018452612683176994,0.23959991335868835,0.6249369978904724,-0.009894704446196556,0.2705625891685486,0.5624287128448486,0.0008769702399149537,0.27834993600845337,0.5989260077476501,0.0130817461758852,0.27403536438941956,0.623760998249054,0.018751375377178192,0.2858670949935913,0.6369293928146362,-0.020819034427404404,0.3071623146533966,0.580559253692627,-0.015045427717268467,0.3102247714996338,0.6138297319412231,-0.0014465460553765297,0.30391502380371094,0.635235607624054,0.00626375013962388,0.3303767442703247,0.6555752158164978,-0.026795731857419014,0.340842068195343,0.5476224422454834,-0.026830265298485756,0.34831130504608154,0.49958208203315735,-0.01789715327322483,0.35100239515304565,0.45728498697280884,-0.009938475675880909,yo
0.2657661437988281,0.841620922088623,-3.683626061956602e-07,0.21963489055633545,0.7602943181991577,0.04094003140926361,0.2065933644771576,0.6873645186424255,0.05701502412557602,0.2236805409193039,0.6306783556938171,0.06727894395589828,0.2515629529953003,0.6074753403663635,0.07379762828350067,0.20284032821655273,0.6281271576881409,0.006565019953995943,0.208814799785614,0.5178087949752808,0.011814541183412075,0.2151164710521698,0.4542691707611084,0.018218522891402245,0.21870553493499756,0.4077666997909546,0.021835755556821823,0.2434273064136505,0.6256152987480164,-0.010196697898209095,0.2747837007045746,0.5627750158309937,0.0001543623220641166,0.28204214572906494,0.5992729067802429,0.012510421685874462,0.2771874666213989,0.6239907741546631,0.018618308007717133,0.28950557112693787,0.6374098658561707,-0.02085607685148716,0.31246331334114075,0.580581784248352,-0.016410445794463158,0.31460052728652954,0.6142728924751282,-0.003602200886234641,0.3071741759777069,0.6352905035018921,0.004055460449308157,0.33388006687164307,0.6549397706985474,-0.02643708884716034,0.3453845679759979,0.5475051403045654,-0.027598820626735687,0.35353532433509827,0.4994792342185974,-0.019443586468696594,0.35652709007263184,0.45666709542274475,-0.01183861494064331,yo
0.6844895482063293,0.8232384920120239,-4.543382488009229e-07,0.7409377694129944,0.761319637298584,0.031631071120500565,0.772727906703949,0.6910400390625,0.04240548610687256,0.7681322693824768,0.6205306053161621,0.049758706241846085,0.7486170530319214,0.5766091346740723,0.05314134806394577,0.7710408568382263,0.6313889622688293,-0.006431465037167072,0.7518415451049805,0.515834629535675,-0.006292951293289661,0.7367379069328308,0.4525740146636963,-0.004726564045995474,0.7262795567512512,0.4035773277282715,-0.0045472243800759315,0.7327945232391357,0.6242002844810486,-0.0201957356184721,0.6960510611534119,0.5617724061012268,-0.010240057483315468,0.6818509697914124,0.6001582145690918,0.0034337411634624004,0.6870460510253906,0.6298581957817078,0.009101176634430885,0.6882107853889465,0.6312095522880554,-0.02875622548162937,0.6598005890846252,0.571132242679596,-0.018313312903046608,0.6510337591171265,0.6056658625602722,0.0004715434624813497,0.6581937670707703,0.6337059140205383,0.008893054910004139,0.6409533023834229,0.6417896151542664,-0.03397352620959282,0.6337319016456604,0.535361647605896,-0.03252582252025604,0.6280237436294556,0.4860774874687195,-0.022695079445838928,0.6286137104034424,0.4441526532173157,-0.015599315986037254,yo
0.6957210898399353,0.8111298084259033,-8.523034011886921e-08,0.7595679759979248,0.7735452651977539,-0.0010409888345748186,0.8197226524353027,0.7191343903541565,-0.007856237702071667,0.8611070513725281,0.6637998819351196,-0.014593017287552357,0.8946436047554016,0.6258559823036194,-0.023973368108272552,0.7779528498649597,0.6156407594680786,-0.02991587109863758,0.7819863557815552,0.4994651675224304,-0.04187973216176033,0.7840309143066406,0.42919808626174927,-0.0505862794816494,0.7852917909622192,0.3758671283721924,-0.057507775723934174,0.7403894066810608,0.6054651737213135,-0.03194495663046837,0.7093837261199951,0.5474401116371155,-0.037207815796136856,0.7016730904579163,0.5900963544845581,-0.03096984140574932,0.7089365720748901,0.6214947700500488,-0.02862999029457569,0.6967710256576538,0.6148622035980225,-0.032252274453639984,0.6697440147399902,0.5593991279602051,-0.0371289886534214,0.6644988656044006,0.5956223011016846,-0.022159598767757416,0.6740147471427917,0.6274559497833252,-0.012563219293951988,0.6493149995803833,0.6273643970489502,-0.032136157155036926,0.644783616065979,0.5285592675209045,-0.03901651129126549,0.6365087032318115,0.47649943828582764,-0.03218204528093338,0.6345584988594055,0.4329656958580017,-0.02575543522834778,yo
0.6970558166503906,0.8133876323699951,-1.313963480242819e-07,0.7613158226013184,0.771249532699585,0.0035129946190863848,0.8193875551223755,0.7158783674240112,-0.0015126802027225494,0.8567740321159363,0.6597012877464294,-0.0066816546022892,0.8857505917549133,0.6160414814949036,-0.01460002176463604,0.7794057130813599,0.6180652976036072,-0.02980155497789383,0.77996426820755,0.4988013803958893,-0.04142514988780022,0.7801206111907959,0.4288874864578247,-0.0496610552072525,0.780724048614502,0.3756749927997589,-0.05621086433529854,0.7419577240943909,0.6087348461151123,-0.033283233642578125,0.7093736529350281,0.5460370779037476,-0.03621086850762367,0.701062798500061,0.5890302658081055,-0.028096027672290802,0.709007740020752,0.6208349466323853,-0.025045422837138176,0.698124349117279,0.617523193359375,-0.03456505760550499,0.6704574823379517,0.5602913498878479,-0.03627340868115425,0.6646699905395508,0.5971497893333435,-0.019434381276369095,0.6745395064353943,0.6289259791374207,-0.009490941651165485,0.6503354907035828,0.6297121644020081,-0.03511262685060501,0.6458176970481873,0.5272234678268433,-0.040554340928792953,0.6380673050880432,0.4753800630569458,-0.032964181154966354,0.6371403336524963,0.43204107880592346,-0.02635456994175911,yo
0.7723680138587952,0.8256630897521973,-3.0318582844302e-07,0.7051862478256226,0.7948107719421387,-0.02030516415834427,0.6431306004524231,0.7187321186065674,-0.030587192624807358,0.6046072244644165,0.6555434465408325,-0.04190476983785629,0.5689603090286255,0.6190266013145447,-0.052323535084724426,0.6829808950424194,0.6105040311813354,-0.023824462667107582,0.6676285862922668,0.5100679397583008,-0.04638425633311272,0.6597527265548706,0.45316484570503235,-0.05635147914290428,0.6508404016494751,0.4025571942329407,-0.062225092202425,0.7227352261543274,0.6059743165969849,-0.026230210438370705,0.7161680459976196,0.5822410583496094,-0.0745476633310318,0.7145031094551086,0.6671768426895142,-0.08648015558719635,0.709549605846405,0.723790168762207,-0.08274221420288086,0.7629981637001038,0.6085078716278076,-0.031073592603206635,0.7610844969749451,0.5705351829528809,-0.07824711501598358,0.7556347250938416,0.6408021450042725,-0.076686330139637,0.7472559213638306,0.6891778111457825,-0.0615684948861599,0.8028664588928223,0.6160187125205994,-0.03654742240905762,0.8045222163200378,0.5366107821464539,-0.06514976173639297,0.8050879836082458,0.48922207951545715,-0.06779631227254868,0.8037658333778381,0.43870097398757935,-0.06227544695138931,yo
0.7683886885643005,0.8246340751647949,-2.7598292717812e-07,0.6997902989387512,0.7904307842254639,-0.01965905725955963,0.6406328678131104,0.7187207341194153,-0.030828943476080894,0.602637529373169,0.6546338200569153,-0.04302303120493889,0.5675949454307556,0.6167873740196228,-0.05425859987735748,0.6802741885185242,0.6110959649085999,-0.024916891008615494,0.6617770791053772,0.5098448395729065,-0.04958556592464447,0.653599202632904,0.4512031376361847,-0.06222594901919365,0.6449951529502869,0.3997977674007416,-0.06982646137475967,0.7190496325492859,0.6070641279220581,-0.027498647570610046,0.7104489207267761,0.5812364816665649,-0.07496713846921921,0.7072259187698364,0.6643039584159851,-0.08698128908872604,0.7021069526672363,0.7186254262924194,-0.08444267511367798,0.7581746578216553,0.6092232465744019,-0.03254673257470131,0.7541185617446899,0.5675830245018005,-0.0787450522184372,0.7455744743347168,0.6382880806922913,-0.07676849514245987,0.7358766794204712,0.6876639127731323,-0.06232885271310806,0.7961364388465881,0.6168031692504883,-0.03836096078157425,0.800125002861023,0.5377275347709656,-0.0673375055193901,0.800493597984314,0.4900464713573456,-0.07040287554264069,0.8001715540885925,0.43883416056632996,-0.06551995873451233,yo
0.19850368797779083,0.879603385925293,-1.0187195442767916e-07,0.26865720748901367,0.8540336489677429,-0.02419574186205864,0.32735028862953186,0.7792508602142334,-0.027591656893491745,0.36208227276802063,0.7179794311523438,-0.03141957148909569,0.3877226710319519,0.6799024343490601,-0.03491289168596268,0.2813063859939575,0.6692513227462769,-0.008502968586981297,0.29733970761299133,0.5738542675971985,-0.022085262462496758,0.3055259585380554,0.5143285989761353,-0.02726137451827526,0.31285107135772705,0.4635307788848877,-0.02851632982492447,0.2398858666419983,0.6655203104019165,-0.00736102694645524,0.24625785648822784,0.6141231060028076,-0.05139140412211418,0.23757001757621765,0.6914523839950562,-0.06522376835346222,0.23044636845588684,0.7551345825195312,-0.058294251561164856,0.1992582082748413,0.6692010760307312,-0.008793092332780361,0.19989196956157684,0.6266463994979858,-0.05168953910470009,0.20122382044792175,0.7017980813980103,-0.051928192377090454,0.2035638988018036,0.7541989088058472,-0.03480583801865578,0.1577162742614746,0.6744085550308228,-0.01143032219260931,0.15728268027305603,0.5982033014297485,-0.031115857884287834,0.16296124458312988,0.5602362155914307,-0.028033200651407242,0.1704121232032776,0.5173580646514893,-0.017903944477438927,yo
0.2058105766773224,0.8951961398124695,-1.4630776945523394e-07,0.27400609850883484,0.862236738204956,-0.024305392056703568,0.3305533230304718,0.7793934941291809,-0.02833608165383339,0.36535757780075073,0.7160937190055847,-0.03303101286292076,0.3911149501800537,0.6765862703323364,-0.037049826234579086,0.2825124263763428,0.6742357015609741,-0.010922320187091827,0.2985464930534363,0.574426531791687,-0.026145244017243385,0.3063002824783325,0.5135963559150696,-0.031503185629844666,0.312985360622406,0.46101048588752747,-0.03260454535484314,0.24008488655090332,0.6708230972290039,-0.0104325320571661,0.24706214666366577,0.6230161786079407,-0.057244230061769485,0.24196262657642365,0.7068943977355957,-0.07060427963733673,0.23816484212875366,0.7734222412109375,-0.06284525245428085,0.1984313428401947,0.6752160787582397,-0.012704812921583652,0.202581524848938,0.6372340321540833,-0.057671282440423965,0.20705744624137878,0.7173010110855103,-0.05719955265522003,0.21068961918354034,0.7718889117240906,-0.03907223045825958,0.15652641654014587,0.6815217733383179,-0.016339709982275963,0.15373104810714722,0.6017566323280334,-0.037207189947366714,0.15883353352546692,0.5607030987739563,-0.03447425737977028,0.16597771644592285,0.5161129236221313,-0.024377020075917244,yo
0.7373359799385071,0.7665897011756897,-1.22564443927331e-07,0.6982990503311157,0.7626563906669617,-0.010475274175405502,0.6590510606765747,0.7290051579475403,-0.01433478482067585,0.6342894434928894,0.6986634135246277,-0.018949994817376137,0.6117005348205566,0.685523509979248,-0.023177480325102806,0.6654494404792786,0.6676182746887207,-0.00943059753626585,0.6477298140525818,0.6155713200569153,-0.02144092321395874,0.6397410035133362,0.5837610960006714,-0.027727240696549416,0.6323024034500122,0.5542708039283752,-0.03166091814637184,0.688153862953186,0.6584795713424683,-0.011162454262375832,0.6841399073600769,0.6341584920883179,-0.03837060183286667,0.6914340257644653,0.6763423681259155,-0.046700138598680496,0.6943280696868896,0.709831714630127,-0.04531567543745041,0.7108598947525024,0.6522566080093384,-0.014182647690176964,0.7073977589607239,0.6219891309738159,-0.03987662494182587,0.710927426815033,0.6603648066520691,-0.039832063019275665,0.7107441425323486,0.690478503704071,-0.03182963281869888,0.7337173223495483,0.6490494012832642,-0.017617857083678246,0.7294460535049438,0.6052055358886719,-0.03353138267993927,0.7252330780029297,0.5790669322013855,-0.035820312798023224,0.7189614176750183,0.5518865585327148,-0.03328721225261688,yo
0.7339752912521362,0.76799476146698,-1.238687588056564e-07,0.6950131058692932,0.7657018899917603,-0.010738261975347996,0.6551180481910706,0.7324638366699219,-0.014428739435970783,0.6303374171257019,0.7012943029403687,-0.018756451085209846,0.6075917482376099,0.6892156600952148,-0.022685877978801727,0.6613830924034119,0.6710506081581116,-0.010277563706040382,0.6434233784675598,0.6187038421630859,-0.0226675346493721,0.6350652575492859,0.5870187282562256,-0.02926778793334961,0.6271694302558899,0.5574021339416504,-0.033488497138023376,0.6840913891792297,0.6618216037750244,-0.011857268400490284,0.6793806552886963,0.6366908550262451,-0.0392800010740757,0.6867634057998657,0.6790185570716858,-0.04762472212314606,0.6897422671318054,0.7116914391517639,-0.04639739915728569,0.7066726684570312,0.6549944877624512,-0.01475596148520708,0.7025575637817383,0.6246311068534851,-0.040685780346393585,0.7059983015060425,0.6633785963058472,-0.040681444108486176,0.7059969902038574,0.6934203505516052,-0.032762374728918076,0.7295874953269958,0.6504944562911987,-0.01811962202191353,0.7242422699928284,0.605834424495697,-0.03440383821725845,0.7199370265007019,0.579277753829956,-0.03701123595237732,0.7139132022857666,0.5518736839294434,-0.03475089743733406,yo
0.7317361235618591,0.7659540176391602,-1.2641427815651696e-07,0.6933712363243103,0.7637451887130737,-0.010969225317239761,0.6535146236419678,0.7318519353866577,-0.014835127629339695,0.628383457660675,0.7021997570991516,-0.019181925803422928,0.6058981418609619,0.6901894807815552,-0.022952711209654808,0.6593024730682373,0.668551504611969,-0.01068367250263691,0.6414793729782104,0.6170833110809326,-0.023219136521220207,0.632975697517395,0.5856727361679077,-0.02985316514968872,0.6252767443656921,0.5568643808364868,-0.033921707421541214,0.6818099617958069,0.6597232222557068,-0.011940021067857742,0.6779168248176575,0.6357225775718689,-0.03903372958302498,0.6861268281936646,0.6778862476348877,-0.04696245118975639,0.6895437836647034,0.7104295492172241,-0.045390535145998,0.7041854858398438,0.6528642177581787,-0.014551663771271706,0.7009655833244324,0.6225968599319458,-0.03998395428061485,0.705156683921814,0.6610206961631775,-0.03960852324962616,0.705268144607544,0.6905766129493713,-0.03150979056954384,0.7266469597816467,0.6484965682029724,-0.017656933516263962,0.722013533115387,0.6051859855651855,-0.03347504138946533,0.7179408073425293,0.5795272588729858,-0.03573397547006607,0.7117941975593567,0.552264928817749,-0.03318678215146065,yo
0.6683003306388855,0.7647091150283813,-4.08613125557622e-08,0.7063669562339783,0.739915132522583,-0.008608778938651085,0.728543221950531,0.7047048211097717,-0.013014091178774834,0.7415648698806763,0.6670821309089661,-0.016427362337708473,0.7524778842926025,0.6380593776702881,-0.01976826786994934,0.689446747303009,0.6462035775184631,-0.010422240942716599,0.6881129145622253,0.6004628539085388,-0.01013888232409954,0.6843169331550598,0.5719904899597168,-0.009840652346611023,0.6802794933319092,0.5503274202346802,-0.010092656128108501,0.6644480228424072,0.6418799757957458,-0.008584237657487392,0.6695963740348816,0.6456469893455505,-0.010262872092425823,0.6726141571998596,0.6680120825767517,-0.011699680238962173,0.6741985082626343,0.6820476651191711,-0.013216770254075527,0.6438723206520081,0.6526544690132141,-0.006434365175664425,0.6479890942573547,0.652808427810669,-0.013723141513764858,0.6529651284217834,0.673529863357544,-0.013918320648372173,0.6562658548355103,0.6872636079788208,-0.012476824223995209,0.6270397305488586,0.6658198833465576,-0.004224307369440794,0.6182265281677246,0.6248064041137695,-0.009578959085047245,0.6139112114906311,0.5995259881019592,-0.008309929631650448,0.6112211346626282,0.578883707523346,-0.005983914248645306,yo
0.6677128076553345,0.7711473107337952,-4.8503906668884156e-08,0.7049852609634399,0.7443616390228271,-0.0031863495241850615,0.7270187735557556,0.7093727588653564,-0.0047875214368104935,0.7401098608970642,0.6718693971633911,-0.0059162951074540615,0.750084638595581,0.6440185308456421,-0.007406646851450205,0.6906461715698242,0.6516822576522827,-0.004908632021397352,0.6849583983421326,0.6035649180412292,-0.001047919038683176,0.6791897416114807,0.575498640537262,0.0010120323859155178,0.6745235919952393,0.5543037056922913,0.001737557933665812,0.6659315824508667,0.6476792097091675,-0.004635323770344257,0.6633478999137878,0.6471079587936401,-0.0018303062533959746,0.665087878704071,0.6685354709625244,-0.0023529210593551397,0.6680397391319275,0.6825974583625793,-0.0038217524997889996,0.644006073474884,0.6581222414970398,-0.0033360039815306664,0.6431784629821777,0.655728280544281,-0.005733339115977287,0.6465479135513306,0.6768743991851807,-0.0051915617659688,0.6502666473388672,0.6905436515808105,-0.004185098223388195,0.6250207424163818,0.6709699034690857,-0.0015424115117639303,0.6160218715667725,0.6261924505233765,-0.0030979220755398273,0.6121228337287903,0.6012924909591675,-0.00018740903760772198,0.6108042001724243,0.5807139873504639,0.0028761012945324183,yo
0.6642780303955078,0.7673505544662476,-4.9889688824578116e-08,0.7006478309631348,0.741166889667511,-0.005106368567794561,0.7225351929664612,0.7071710824966431,-0.007890692912042141,0.7359470725059509,0.6712040305137634,-0.010125742293894291,0.7462236881256104,0.6437972187995911,-0.012644875794649124,0.686210036277771,0.6499806046485901,-0.0075007239356637,0.679564356803894,0.6045717597007751,-0.005975128151476383,0.6732780933380127,0.5768741369247437,-0.0046947491355240345,0.6683399677276611,0.5564143657684326,-0.004021821077913046,0.6627240777015686,0.6477393507957458,-0.007091492880135775,0.658356249332428,0.6474223732948303,-0.007264444138854742,0.6600043773651123,0.6691672801971436,-0.007714784704148769,0.6634813547134399,0.6826783418655396,-0.00825134664773941,0.6412604451179504,0.6587291359901428,-0.006061306223273277,0.6381062865257263,0.6562031507492065,-0.01172835472971201,0.6414465308189392,0.6775549650192261,-0.011085432022809982,0.6459399461746216,0.6907612681388855,-0.008910497650504112,0.6222648620605469,0.6714742183685303,-0.0046844761818647385,0.611966073513031,0.6276829838752747,-0.008275515399873257,0.6076604723930359,0.6031967401504517,-0.005640833638608456,0.6064945459365845,0.582688570022583,-0.002241276204586029,yo
0.23410148918628693,0.8355459570884705,-2.1163471330964967e-07,0.17778417468070984,0.785805344581604,0.007670582737773657,0.12881356477737427,0.7175173759460449,0.0002128154446836561,0.10910426080226898,0.6438154578208923,-0.008303612470626831,0.10281124711036682,0.584601640701294,-0.018363138660788536,0.1893371045589447,0.6246345639228821,-0.029436489567160606,0.21155348420143127,0.5076680779457092,-0.032625362277030945,0.2225567102432251,0.44308578968048096,-0.02998536452651024,0.22993427515029907,0.3912782073020935,-0.02921796403825283,0.23209917545318604,0.6240136027336121,-0.03489208221435547,0.26709654927253723,0.5712882280349731,-0.034844059497117996,0.26360273361206055,0.614126443862915,-0.02457999810576439,0.2532467246055603,0.646311342716217,-0.01992594450712204,0.27547797560691833,0.6436972618103027,-0.03659016266465187,0.3043964207172394,0.5946490168571472,-0.040719542652368546,0.30263394117355347,0.6307269334793091,-0.026984790340065956,0.2909754812717438,0.6552655696868896,-0.01876826398074627,0.319257915019989,0.6678361296653748,-0.035554707050323486,0.33403727412223816,0.5702154040336609,-0.04003174230456352,0.34680914878845215,0.5262359976768494,-0.030597344040870667,0.3551762104034424,0.48335132002830505,-0.02275068871676922,yo
0.22541114687919617,0.827010452747345,-2.2566783286492864e-07,0.17173993587493896,0.7855320572853088,0.009200235828757286,0.11716780066490173,0.7172512412071228,0.0018918679561465979,0.09816744923591614,0.6422142386436462,-0.006884993519634008,0.0894545316696167,0.5852192640304565,-0.017137832939624786,0.17553101480007172,0.618350625038147,-0.028922393918037415,0.19674834609031677,0.5053882002830505,-0.032718244940042496,0.20757246017456055,0.4420238137245178,-0.03138691559433937,0.21348989009857178,0.39277127385139465,-0.03199411556124687,0.2162269800901413,0.6176464557647705,-0.03572722151875496,0.25691306591033936,0.5642868280410767,-0.03676849976181984,0.25394394993782043,0.6124781370162964,-0.026158249005675316,0.24233873188495636,0.6431693434715271,-0.021058352664113045,0.2587904930114746,0.6361293792724609,-0.03892366215586662,0.29517027735710144,0.5893140435218811,-0.044725485146045685,0.29468870162963867,0.6285410523414612,-0.030831484124064445,0.28232407569885254,0.6546720862388611,-0.02230714075267315,0.30436691641807556,0.6584303379058838,-0.03919262811541557,0.3197630047798157,0.562294065952301,-0.04614868387579918,0.3338293433189392,0.5162591934204102,-0.038200683891773224,0.3430873155593872,0.47019946575164795,-0.031238878145813942,yo
0.6898918151855469,0.8462141752243042,-1.308368666741444e-07,0.762984573841095,0.7812610268592834,0.010709701105952263,0.8178855776786804,0.7110154628753662,0.009210379794239998,0.8543643355369568,0.646380603313446,0.006907447706907988,0.8802320957183838,0.5932762026786804,0.0008916655788198113,0.7537793517112732,0.6144207119941711,-0.022667324170470238,0.7355791330337524,0.4889509677886963,-0.029647989198565483,0.7237482070922852,0.41728445887565613,-0.03712065890431404,0.7146096229553223,0.3608355224132538,-0.04431266710162163,0.7092284560203552,0.6129953861236572,-0.027946554124355316,0.6808239817619324,0.5429046154022217,-0.019691050052642822,0.6805445551872253,0.5851712226867676,-0.006930400617420673,0.6897087097167969,0.6171738505363464,-0.003392114071175456,0.6625736355781555,0.6343896389007568,-0.030350133776664734,0.6429216861724854,0.5692068934440613,-0.0221343282610178,0.6439279317855835,0.6043005585670471,0.0005546754109673202,0.6538071632385254,0.6336926817893982,0.011346113868057728,0.61564040184021,0.6605514287948608,-0.031793802976608276,0.6012189984321594,0.5407972931861877,-0.03215331211686134,0.5942513346672058,0.4866052269935608,-0.020396504551172256,0.596017062664032,0.443652868270874,-0.012252261862158775,yo
0.6856606602668762,0.8483041524887085,-1.1188645743231973e-07,0.7585388422012329,0.7840720415115356,0.008918706327676773,0.8132159113883972,0.7147101163864136,0.007954749278724194,0.848772406578064,0.6486375331878662,0.006681676954030991,0.8733537793159485,0.593708336353302,0.0021768398582935333,0.7492100596427917,0.6135679483413696,-0.019584719091653824,0.7317778468132019,0.4903470277786255,-0.022895008325576782,0.720768392086029,0.4209557771682739,-0.02769393101334572,0.7123221158981323,0.36627164483070374,-0.033092427998781204,0.7041357159614563,0.6109278202056885,-0.02374979853630066,0.676821231842041,0.5443422794342041,-0.014543390832841396,0.6758460402488708,0.587687075138092,-0.0031424749176949263,0.6843801736831665,0.620538592338562,-0.00013359743752516806,0.65711510181427,0.6315097212791443,-0.025059374049305916,0.6378632187843323,0.5704175233840942,-0.017637737095355988,0.6382112503051758,0.6079743504524231,0.0019042332423850894,0.6477974653244019,0.6376636028289795,0.01127926167100668,0.6101207733154297,0.6564618945121765,-0.025253592059016228,0.5981171131134033,0.5365835428237915,-0.02604003995656967,0.5921245813369751,0.4819915294647217,-0.015827810391783714,0.5946217775344849,0.4375869929790497,-0.008469418622553349,yo
0.22691401839256287,0.8488737344741821,-2.0624425189907925e-07,0.1770019382238388,0.8064048886299133,0.011002602055668831,0.13063177466392517,0.738394021987915,0.007256607059389353,0.11869048327207565,0.665980339050293,0.0007906859391368926,0.11375723034143448,0.6097623109817505,-0.0072397468611598015,0.17990364134311676,0.6412835121154785,-0.017871206626296043,0.20586685836315155,0.5359435081481934,-0.017765948548913002,0.22077320516109467,0.47536879777908325,-0.015305341221392155,0.23102138936519623,0.4282093644142151,-0.015693549066781998,0.21540027856826782,0.6378768086433411,-0.026759399101138115,0.26908934116363525,0.6004081964492798,-0.026805654168128967,0.26830846071243286,0.6474968194961548,-0.020573828369379044,0.25530698895454407,0.6737436056137085,-0.018390800803899765,0.25609079003334045,0.6555137634277344,-0.03204665333032608,0.30105870962142944,0.6264470815658569,-0.036428727209568024,0.2996727228164673,0.6669158339500427,-0.02544436790049076,0.2846725583076477,0.6897420883178711,-0.019249893724918365,0.3002239763736725,0.6785245537757874,-0.034814830869436264,0.3243027627468109,0.5968193411827087,-0.040799085050821304,0.34178197383880615,0.5543283820152283,-0.033558156341314316,0.352206826210022,0.5108005404472351,-0.027007490396499634,yo
0.22705844044685364,0.8460723757743835,-2.3621043965249555e-07,0.179860919713974,0.8048469424247742,0.014812098816037178,0.13292467594146729,0.7373781800270081,0.012272076681256294,0.12130431085824966,0.6643421649932861,0.006875484716147184,0.11692836880683899,0.6092082858085632,-0.0003691722813528031,0.1818099319934845,0.6399217247962952,-0.01802339032292366,0.2095799744129181,0.5346513986587524,-0.017207805067300797,0.22445592284202576,0.47537940740585327,-0.01474087592214346,0.2346043586730957,0.42880311608314514,-0.015454225242137909,0.2173725962638855,0.6369873285293579,-0.027697427198290825,0.2707735002040863,0.5979270935058594,-0.024924201890826225,0.26875779032707214,0.6458577513694763,-0.016514386981725693,0.25543051958084106,0.6725618839263916,-0.013852402567863464,0.25722596049308777,0.654711127281189,-0.03333025053143501,0.3030954897403717,0.6239434480667114,-0.034811049699783325,0.30054667592048645,0.6652138829231262,-0.022333649918437004,0.2849684953689575,0.6885924935340881,-0.016311082988977432,0.30092108249664307,0.6771926879882812,-0.036059360951185226,0.3256329596042633,0.5938221216201782,-0.04045245051383972,0.34403982758522034,0.5523738861083984,-0.03281637653708458,0.35555797815322876,0.5091500282287598,-0.02668215148150921,yo
0.4419160783290863,0.9303370714187622,-2.204169220476615e-07,0.39651352167129517,0.8483750820159912,-0.001351598184555769,0.37870556116104126,0.758130669593811,-0.008263738825917244,0.3657553195953369,0.6866011619567871,-0.014008291065692902,0.36686578392982483,0.6338353753089905,-0.020790468901395798,0.4668869376182556,0.7051181793212891,-0.0180501788854599,0.4918677508831024,0.6028156876564026,-0.015130684711039066,0.5094921588897705,0.5456236004829407,-0.01302809827029705,0.5254788994789124,0.5029850006103516,-0.01164903212338686,0.5080429911613464,0.7201492190361023,-0.012529133819043636,0.4993216097354889,0.6796352863311768,-0.0038491806481033564,0.47692498564720154,0.7080540657043457,0.0013178420485928655,0.46534812450408936,0.7405020594596863,0.00258555612526834,0.5382115840911865,0.753412663936615,-0.003526954213157296,0.5232837200164795,0.7108720541000366,0.0034879292361438274,0.5019299983978271,0.7375589609146118,0.01025804691016674,0.491087943315506,0.7645292282104492,0.013522409833967686,0.5616263151168823,0.7882405519485474,0.007256542332470417,0.592000424861908,0.7143692970275879,0.01497474405914545,0.6052366495132446,0.677598237991333,0.024848397821187973,0.6162513494491577,0.6481214761734009,0.03246453031897545,yo
0.5362984538078308,0.9788628816604614,7.091473008813409e-08,0.5896885395050049,0.9585407972335815,0.014718607068061829,0.6350687742233276,0.928894579410553,0.008222710341215134,0.6720018982887268,0.9237819314002991,-0.005082116927951574,0.7041946053504944,0.9292018413543701,-0.019398042932152748,0.6304566264152527,0.839103102684021,-0.006830672267824411,0.6992343068122864,0.8172062635421753,-0.021351410076022148,0.7414370775222778,0.7921530604362488,-0.030339758843183517,0.7753522396087646,0.7647513747215271,-0.038452185690402985,0.6170944571495056,0.8363232612609863,-0.029007315635681152,0.6771121621131897,0.8714702129364014,-0.05706077069044113,0.6824274659156799,0.9131597280502319,-0.06614529341459274,0.6804664731025696,0.9381996989250183,-0.06944099813699722,0.6065930128097534,0.8507633209228516,-0.04985182359814644,0.6688202619552612,0.8686431646347046,-0.07062339782714844,0.685606837272644,0.8989181518554688,-0.0666281059384346,0.6935728788375854,0.9152243733406067,-0.06202257052063942,0.6027894020080566,0.874862551689148,-0.07024728506803513,0.6497576832771301,0.8438289165496826,-0.08227263391017914,0.6821509003639221,0.829265832901001,-0.08035111427307129,0.7108339667320251,0.8171319961547852,-0.07883039116859436,yo
0.4029310345649719,0.8383841514587402,-1.6740435171413992e-07,0.46776971220970154,0.8400174975395203,-0.02097204700112343,0.5356338620185852,0.7890613079071045,-0.026260359212756157,0.5807116031646729,0.754966676235199,-0.03297731280326843,0.615814745426178,0.7403290271759033,-0.0393374040722847,0.5218150615692139,0.6730629801750183,-0.014749275520443916,0.562565267086029,0.5980654954910278,-0.03101912885904312,0.585971474647522,0.5491555333137512,-0.036694325506687164,0.6053581237792969,0.5059261322021484,-0.0384884811937809,0.4840766191482544,0.6514689922332764,-0.016776811331510544,0.5053274631500244,0.6300481557846069,-0.06236334517598152,0.48509103059768677,0.7051121592521667,-0.07522013783454895,0.46721214056015015,0.7611764669418335,-0.06945940852165222,0.44415441155433655,0.6392123103141785,-0.02118801884353161,0.4586734175682068,0.6215503215789795,-0.06694740056991577,0.44892609119415283,0.697452962398529,-0.06878899037837982,0.44120466709136963,0.748910665512085,-0.053690481930971146,0.40425825119018555,0.6307095289230347,-0.026540063321590424,0.4144006371498108,0.5556115508079529,-0.05093282088637352,0.42377570271492004,0.5130211114883423,-0.05229949206113815,0.436540424823761,0.46937280893325806,-0.045923057943582535,yo
0.4023453891277313,0.8398208022117615,-1.9164014020134346e-07,0.4673614799976349,0.8429949283599854,-0.02007933519780636,0.5343872308731079,0.7930819988250732,-0.025652598589658737,0.5803214907646179,0.7587074041366577,-0.03274865448474884,0.6154902577400208,0.7452402114868164,-0.03960687294602394,0.5226935744285583,0.6784376502037048,-0.0156581848859787,0.5662550926208496,0.6044608950614929,-0.032815154641866684,0.5917965173721313,0.5569789409637451,-0.03994748741388321,0.6121444702148438,0.5136432647705078,-0.043376460671424866,0.4861193001270294,0.6575013995170593,-0.018343592062592506,0.5089542865753174,0.6364340782165527,-0.06495969742536545,0.48761776089668274,0.7113285064697266,-0.07829512655735016,0.4684578776359558,0.7654251456260681,-0.07341492176055908,0.4468711316585541,0.6459682583808899,-0.023372996598482132,0.4632989168167114,0.6268325448036194,-0.06957604736089706,0.4532589614391327,0.7011175155639648,-0.07112246751785278,0.4443627595901489,0.7515785694122314,-0.05648535117506981,0.4077776074409485,0.6383687257766724,-0.029386622831225395,0.41872715950012207,0.5632013082504272,-0.05617417395114899,0.4278116226196289,0.5179858207702637,-0.05947045236825943,0.439942330121994,0.47094660997390747,-0.05466604605317116,yo
0.6868017911911011,0.8184487819671631,-4.483853999204257e-08,0.7591392993927002,0.7762200832366943,7.197341619757935e-05,0.8106419444084167,0.7193184494972229,-0.0017419949872419238,0.8479828834533691,0.6586396098136902,-0.0028456158470362425,0.877910852432251,0.616032600402832,-0.005120209418237209,0.7505397796630859,0.6034822463989258,-0.005372252315282822,0.7462483644485474,0.5063850283622742,0.005908878054469824,0.738423228263855,0.4496568441390991,0.012129462324082851,0.7327949404716492,0.40664321184158325,0.014487096108496189,0.705538809299469,0.5926219820976257,-0.00525495782494545,0.699001669883728,0.5799911618232727,0.008118356578052044,0.6987824440002441,0.6202346086502075,0.012842733412981033,0.7039517164230347,0.6486393213272095,0.012846255674958229,0.6641156673431396,0.6087529063224792,-0.0022740012500435114,0.6602999567985535,0.5927081108093262,0.002997112926095724,0.6640585660934448,0.6328355669975281,0.010790582746267319,0.6700155138969421,0.6618304252624512,0.014839398674666882,0.6269313097000122,0.6304200291633606,0.001821099198423326,0.622580885887146,0.5433461666107178,0.005309900734573603,0.6230321526527405,0.4976322054862976,0.015565849840641022,0.6275539398193359,0.4594336748123169,0.02379639819264412,yo
0.6878001093864441,0.8182950019836426,-6.017824460968768e-08,0.7599564790725708,0.7753161191940308,0.0031079654581844807,0.8109875917434692,0.7185965180397034,0.0036123543977737427,0.8470856547355652,0.6577842831611633,0.004451151005923748,0.8756633996963501,0.6154792308807373,0.0038115803617984056,0.7522644400596619,0.6043341159820557,-0.0013652575435116887,0.7470267415046692,0.506786584854126,0.011050121858716011,0.7391745448112488,0.4506627023220062,0.016874587163329124,0.7334685325622559,0.4068745970726013,0.01886780560016632,0.7080309987068176,0.5923993587493896,-0.0018545566126704216,0.6992407441139221,0.5796738266944885,0.013574879616498947,0.6987981200218201,0.6196274161338806,0.017509888857603073,0.7038729786872864,0.6481915712356567,0.016503509134054184,0.6662062406539917,0.6073071360588074,0.0007979751680977643,0.6614201068878174,0.5927096009254456,0.008236919529736042,0.6639788150787354,0.6328925490379333,0.014883052557706833,0.6691629886627197,0.6607310175895691,0.017725378274917603,0.6282989382743835,0.6276314854621887,0.004845563787966967,0.6230883002281189,0.5390058755874634,0.010273809544742107,0.6234489679336548,0.4938843846321106,0.020810920745134354,0.6287453770637512,0.4566796123981476,0.028961149975657463,yo
0.6877011656761169,0.8116766810417175,-9.778662501958024e-08,0.7594647407531738,0.7666792869567871,0.005563218146562576,0.8061808347702026,0.7117224335670471,0.006793261505663395,0.8404390215873718,0.6523797512054443,0.007547866553068161,0.8656216263771057,0.6099206805229187,0.006684495136141777,0.7489745616912842,0.6025552749633789,-0.00043037181603722274,0.740597665309906,0.5085462331771851,0.010174526832997799,0.7311015129089355,0.4546111822128296,0.01446704100817442,0.7237972617149353,0.41214749217033386,0.015273893252015114,0.7053056359291077,0.5903003215789795,-0.0033103066962212324,0.69466233253479,0.5774699449539185,0.010564233176410198,0.6931869387626648,0.617212176322937,0.013846101239323616,0.697625994682312,0.6449906826019287,0.012050234712660313,0.663288950920105,0.605308473110199,-0.0031570999417454004,0.6593403220176697,0.5898036360740662,0.0030265380628407,0.6610636711120605,0.6285160779953003,0.009763852693140507,0.6656101942062378,0.6555082201957703,0.012363347224891186,0.6256491541862488,0.6262286901473999,-0.0015680392971262336,0.6186826229095459,0.5377345681190491,0.002624085173010826,0.6176468133926392,0.49401724338531494,0.012716034427285194,0.6218328475952148,0.4582895040512085,0.020303158089518547,yo
0.17011411488056183,0.7078051567077637,1.546804782037725e-07,0.21820083260536194,0.6699908375740051,-0.0030432932544499636,0.25779077410697937,0.6157603859901428,-0.01159270666539669,0.29273226857185364,0.5888779163360596,-0.02393002063035965,0.3277966380119324,0.5789057612419128,-0.036743272095918655,0.2047872543334961,0.5246541500091553,0.0013338755816221237,0.2580646574497223,0.5148754715919495,-0.019078446552157402,0.28988462686538696,0.5128856897354126,-0.034566354006528854,0.31726476550102234,0.505068838596344,-0.045160531997680664,0.17961736023426056,0.5214521884918213,-0.009248618967831135,0.24169062077999115,0.5213449597358704,-0.03338409215211868,0.2411331832408905,0.5751516819000244,-0.04036252945661545,0.22728699445724487,0.5937582850456238,-0.04039071872830391,0.15982438623905182,0.5340123176574707,-0.0218567606061697,0.22294819355010986,0.5419596433639526,-0.04597023129463196,0.2216956615447998,0.5945717692375183,-0.04118425026535988,0.20635277032852173,0.6100345253944397,-0.03202533349394798,0.14461787045001984,0.5575488209724426,-0.03522495925426483,0.19491714239120483,0.5586349964141846,-0.04967186599969864,0.19990864396095276,0.5986435413360596,-0.04252283275127411,0.18872706592082977,0.615581750869751,-0.033302780240774155,bauna kartik
0.7751062512397766,0.7019808292388916,-3.467723672656575e-07,0.7168771028518677,0.6626882553100586,-0.010214432142674923,0.6710284352302551,0.6071277260780334,-0.02326691523194313,0.623500406742096,0.5819168090820312,-0.04020597040653229,0.5813364386558533,0.5677933692932129,-0.05626974254846573,0.7125125527381897,0.5016466379165649,0.006670020520687103,0.6527062654495239,0.48916834592819214,-0.01784045249223709,0.6150419116020203,0.4832098186016083,-0.03455888852477074,0.5840938687324524,0.47568392753601074,-0.045926861464977264,0.7387763857841492,0.48793336749076843,-0.003917678724974394,0.6676796674728394,0.475168377161026,-0.03580351173877716,0.6733712553977966,0.5462688207626343,-0.042317911982536316,0.6957995295524597,0.564965009689331,-0.03878262639045715,0.7656070590019226,0.49442747235298157,-0.01885162852704525,0.6962903738021851,0.5035150051116943,-0.04730050265789032,0.7010135054588318,0.5680219531059265,-0.0371951162815094,0.7241920232772827,0.5761937499046326,-0.0233277827501297,0.7859669327735901,0.5162229537963867,-0.03589094057679176,0.7283208966255188,0.5270633101463318,-0.05015471205115318,0.7257598042488098,0.5674449801445007,-0.04105597734451294,0.7444002628326416,0.5735315680503845,-0.03085952065885067,bauna kartik
0.6653518676757812,0.7363916635513306,-3.0413252716243733e-07,0.6195452809333801,0.7238379716873169,-0.006422271952033043,0.5794076919555664,0.696269690990448,-0.016087615862488747,0.5460026860237122,0.6842120885848999,-0.028135061264038086,0.5130990743637085,0.6795253753662109,-0.0391530767083168,0.6070700883865356,0.6011254191398621,0.0025957413017749786,0.560465931892395,0.61264967918396,-0.017918748781085014,0.5294718146324158,0.6202080845832825,-0.03509481996297836,0.5032110214233398,0.6295697093009949,-0.04667067900300026,0.6201342940330505,0.5904052257537842,-0.005612039472907782,0.5652800798416138,0.611305296421051,-0.028275376185774803,0.5777027010917664,0.6537464261054993,-0.03513268008828163,0.5956284999847412,0.6657223701477051,-0.035542696714401245,0.633319616317749,0.5942277908325195,-0.016868004575371742,0.5799782276153564,0.6232906579971313,-0.035683341324329376,0.5924226641654968,0.6583594679832458,-0.0293015968054533,0.6097167730331421,0.6612218022346497,-0.021581323817372322,0.6434361338615417,0.6107649207115173,-0.02993626706302166,0.6029385924339294,0.6385450959205627,-0.04206794127821922,0.6073507070541382,0.6643155217170715,-0.03755122050642967,0.6196080446243286,0.6671109199523926,-0.0317971333861351,bauna kartik
0.6708812713623047,0.7430559992790222,-2.737057229751372e-07,0.6254377365112305,0.7306315302848816,-0.00847700610756874,0.5883105397224426,0.7002148032188416,-0.019747836515307426,0.553847074508667,0.6879861950874329,-0.032961487770080566,0.5191095471382141,0.6828793287277222,-0.045068539679050446,0.6145970225334167,0.604114294052124,0.0001904522068798542,0.5662535429000854,0.6195546984672546,-0.020601125434041023,0.5347299575805664,0.6262503266334534,-0.03795306012034416,0.5084571242332458,0.6345048546791077,-0.049700405448675156,0.6277561187744141,0.5940987467765808,-0.007406513672322035,0.5691685676574707,0.6126393675804138,-0.02991776540875435,0.5785175561904907,0.6561550498008728,-0.03655046969652176,0.5948068499565125,0.6681784987449646,-0.03676960617303848,0.6404297947883606,0.5997064113616943,-0.01807457208633423,0.5823072195053101,0.6270060539245605,-0.036800816655159,0.5930994749069214,0.6642392873764038,-0.03005014732480049,0.6100919246673584,0.6669852137565613,-0.022156942635774612,0.6490082740783691,0.6184629797935486,-0.030687551945447922,0.6051818132400513,0.6447612643241882,-0.04284677654504776,0.6097783446311951,0.6696666479110718,-0.03807738050818443,0.6232159733772278,0.6704505681991577,-0.032042209059000015,bauna kartik
0.18065494298934937,0.6883176565170288,1.0790130033910827e-07,0.23088084161281586,0.656825065612793,-0.0018706066766753793,0.2707490026950836,0.60182785987854,-0.00843943189829588,0.3068387806415558,0.5759831666946411,-0.019304558634757996,0.34279894828796387,0.572302520275116,-0.03018978238105774,0.22617501020431519,0.5072098970413208,0.006716982927173376,0.2804897725582123,0.5080455541610718,-0.01233009435236454,0.31244370341300964,0.514504075050354,-0.02626429870724678,0.34035196900367737,0.5139199495315552,-0.035759828984737396,0.20237478613853455,0.5003575682640076,-0.003869022708386183,0.26518964767456055,0.5129526257514954,-0.0257631354033947,0.2569504380226135,0.5678344368934631,-0.030383069068193436,0.2412908673286438,0.579681396484375,-0.028875578194856644,0.18298156559467316,0.5090892910957336,-0.0169576033949852,0.2455456554889679,0.5289145708084106,-0.039545442909002304,0.23689226806163788,0.5811543464660645,-0.03353564813733101,0.21998989582061768,0.5914111137390137,-0.023762889206409454,0.16681626439094543,0.5283874869346619,-0.030950112268328667,0.2182578444480896,0.5383911728858948,-0.044072043150663376,0.2177690714597702,0.5770113468170166,-0.036515604704618454,0.20368200540542603,0.5900139808654785,-0.027202390134334564,bauna kartik
0.1769040822982788,0.688103973865509,6.280097153421593e-08,0.23005250096321106,0.6561315059661865,-0.0007339742151089013,0.27037927508354187,0.5994741320610046,-0.006235049571841955,0.30556851625442505,0.5743575096130371,-0.016296222805976868,0.3412456810474396,0.5739220976829529,-0.026238439604640007,0.22306780517101288,0.504727840423584,0.0074381339363753796,0.2775263488292694,0.5043147802352905,-0.01135382242500782,0.30570662021636963,0.5135695338249207,-0.024442246183753014,0.3292785584926605,0.5112355351448059,-0.03334984928369522,0.1994914412498474,0.4993511736392975,-0.003350368933752179,0.26196059584617615,0.512097954750061,-0.024862375110387802,0.2535688281059265,0.5656330585479736,-0.02893267385661602,0.23722724616527557,0.575118362903595,-0.027202872559428215,0.18003039062023163,0.5089776515960693,-0.016590718179941177,0.24197076261043549,0.5277963280677795,-0.03867894038558006,0.23395057022571564,0.5798435211181641,-0.03273439034819603,0.21675515174865723,0.5889027714729309,-0.02325211837887764,0.16444578766822815,0.528439998626709,-0.030632860958576202,0.21453610062599182,0.5378527045249939,-0.04361853748559952,0.21393777430057526,0.5763571262359619,-0.0367061011493206,0.19887325167655945,0.5883879065513611,-0.028035441413521767,bauna kartik
0.18465948104858398,0.857223391532898,1.0052959709128118e-07,0.23123760521411896,0.8207082152366638,-0.0036685641389340162,0.26738694310188293,0.7658684253692627,-0.01089904922991991,0.3016028106212616,0.7394115328788757,-0.02162008546292782,0.3358556628227234,0.735542356967926,-0.032708022743463516,0.21617591381072998,0.6797716617584229,0.00034103929647244513,0.26922816038131714,0.6726856827735901,-0.01861877180635929,0.2993098497390747,0.6741868257522583,-0.033183734863996506,0.32571086287498474,0.6696010828018188,-0.043536994606256485,0.1924470067024231,0.6790546774864197,-0.008886761963367462,0.25248679518699646,0.6887776851654053,-0.0321921743452549,0.249049112200737,0.740780770778656,-0.03908525034785271,0.23520733416080475,0.7583409547805786,-0.039732713252305984,0.1736883819103241,0.694395899772644,-0.02007419988512993,0.2349952608346939,0.7101725339889526,-0.042320773005485535,0.2305688112974167,0.7580168843269348,-0.03836368769407272,0.21539811789989471,0.7695749998092651,-0.030677083879709244,0.15894483029842377,0.7191678285598755,-0.032203491777181625,0.20780633389949799,0.7278682589530945,-0.04479709640145302,0.20920872688293457,0.7617069482803345,-0.03888716921210289,0.19726669788360596,0.7722536325454712,-0.0313161201775074,bauna kartik
0.26284679770469666,0.7833061814308167,9.747130036430462e-08,0.30816397070884705,0.7549194693565369,-0.002784370444715023,0.34448403120040894,0.7057010531425476,-0.009922530502080917,0.3771139085292816,0.6827252507209778,-0.020431892946362495,0.40747955441474915,0.678314208984375,-0.031037945300340652,0.2966361343860626,0.6160606741905212,0.0017334847943857312,0.35035911202430725,0.6122735738754272,-0.016919730231165886,0.38104894757270813,0.6123611927032471,-0.030645916238427162,0.4060901999473572,0.6063532829284668,-0.040144603699445724,0.27641788125038147,0.613256573677063,-0.0076583027839660645,0.3385757803916931,0.6217027306556702,-0.029936321079730988,0.3348049521446228,0.6729178428649902,-0.03522924706339836,0.32006731629371643,0.6871792674064636,-0.034559424966573715,0.26158466935157776,0.6252465844154358,-0.018983788788318634,0.32275786995887756,0.6389600038528442,-0.0410018116235733,0.31766846776008606,0.6882875561714172,-0.03527602180838585,0.30246463418006897,0.7000011205673218,-0.02612690068781376,0.25064221024513245,0.6468380689620972,-0.03108890727162361,0.297986775636673,0.6515098810195923,-0.04389697685837746,0.29759448766708374,0.6869598031044006,-0.03704603388905525,0.28456637263298035,0.6991438865661621,-0.028715159744024277,bauna kartik
0.14985528588294983,0.8154860138893127,1.365995530022701e-07,0.19706615805625916,0.7751460075378418,-0.006355677731335163,0.2345590889453888,0.7155642509460449,-0.016817299649119377,0.2704557776451111,0.6874421834945679,-0.03109404258430004,0.30745166540145874,0.6802557110786438,-0.044864263385534286,0.18280234932899475,0.6224945187568665,0.001598790055140853,0.2399778813123703,0.6192847490310669,-0.02335207909345627,0.2738548219203949,0.6254999041557312,-0.040579333901405334,0.30222398042678833,0.618828535079956,-0.05170002952218056,0.1544615775346756,0.6216570138931274,-0.009178326465189457,0.22163830697536469,0.6264270544052124,-0.03619381785392761,0.21749956905841827,0.6839910745620728,-0.04274823144078255,0.20033350586891174,0.6904891133308411,-0.04185587167739868,0.13295161724090576,0.6383718252182007,-0.02308664098381996,0.19849498569965363,0.6538026332855225,-0.05046103149652481,0.19329054653644562,0.706583559513092,-0.04485020413994789,0.17379899322986603,0.7088010907173157,-0.03467763587832451,0.11623447388410568,0.6660957932472229,-0.03814678639173508,0.16739556193351746,0.6731100678443909,-0.05336950346827507,0.16867144405841827,0.7108212113380432,-0.04503702372312546,0.15187647938728333,0.7177695631980896,-0.03491373360157013,bauna kartik
0.3333398699760437,0.9580370187759399,1.4988019358952442e-07,0.32606619596481323,0.8936331868171692,-0.00886537879705429,0.29380473494529724,0.8278581500053406,-0.017659252509474754,0.2792503535747528,0.7726665139198303,-0.03036903403699398,0.28166621923446655,0.7175216674804688,-0.042611557990312576,0.23085404932498932,0.8426562547683716,0.010789101012051105,0.2218259572982788,0.7982128858566284,-0.009406466037034988,0.22364190220832825,0.7612871527671814,-0.020165925845503807,0.2242123931646347,0.7274221181869507,-0.025878043845295906,0.2169266939163208,0.872913122177124,0.002934150630608201,0.20965981483459473,0.8080860376358032,-0.024887865409255028,0.2530418336391449,0.8359659314155579,-0.027829818427562714,0.2595856487751007,0.8616095781326294,-0.020361512899398804,0.20842507481575012,0.9065576195716858,-0.00931441318243742,0.21680647134780884,0.8471083045005798,-0.04162351042032242,0.2573627829551697,0.8723021149635315,-0.03520556166768074,0.2576160430908203,0.8992071747779846,-0.020410750061273575,0.20549814403057098,0.9444513916969299,-0.0222152192145586,0.21270297467708588,0.8866323232650757,-0.04061664640903473,0.2435496747493744,0.8957626819610596,-0.03187434375286102,0.24538728594779968,0.9214622974395752,-0.019782207906246185,bauna kartik
0.5708367824554443,1.0110080242156982,-3.3461176940363657e-07,0.560350239276886,0.9261960387229919,-0.003384197596460581,0.5750076770782471,0.8473303914070129,-0.008765113539993763,0.5801412463188171,0.7878230214118958,-0.019732916727662086,0.5826535820960999,0.7307486534118652,-0.030849354341626167,0.6461302638053894,0.8493091464042664,0.020881587639451027,0.6409478783607483,0.7890529632568359,0.0032381066121160984,0.6312887072563171,0.7449242472648621,-0.009635688737034798,0.6283138990402222,0.710272490978241,-0.018791642040014267,0.6663522720336914,0.8673563599586487,0.008619780652225018,0.67158442735672,0.7928537130355835,-0.019948164001107216,0.6315732002258301,0.8200598359107971,-0.027920816093683243,0.6183216571807861,0.8545874357223511,-0.024500956758856773,0.6773080229759216,0.8922589421272278,-0.007467756047844887,0.6696996688842773,0.81387859582901,-0.037126414477825165,0.6286412477493286,0.848529577255249,-0.030542919412255287,0.621586799621582,0.8869655728340149,-0.01716744713485241,0.6771906018257141,0.9201070666313171,-0.024354275315999985,0.6545454859733582,0.8582761287689209,-0.04357440024614334,0.6272581219673157,0.8789370656013489,-0.037778340280056,0.6268450617790222,0.9116560220718384,-0.028386332094669342,bauna kartik
0.7410193681716919,0.7556256651878357,-3.036936107037036e-07,0.6785804033279419,0.7428200840950012,0.002531814854592085,0.6389979720115662,0.7065615057945251,-0.006387459114193916,0.6052387952804565,0.6916928291320801,-0.01910632662475109,0.568100094795227,0.6856589317321777,-0.031865425407886505,0.6702628135681152,0.5993117690086365,0.004576246254146099,0.6080585718154907,0.6077026724815369,-0.013199769891798496,0.5718637704849243,0.6143303513526917,-0.029368538409471512,0.5409319996833801,0.6151610612869263,-0.04234210029244423,0.6814894676208496,0.5874060392379761,-0.008795545436441898,0.6070749163627625,0.5921508073806763,-0.02979425899684429,0.6184740662574768,0.6363750100135803,-0.035856693983078,0.6377004384994507,0.6520100831985474,-0.03756115213036537,0.6885449886322021,0.5941562652587891,-0.02379806898534298,0.6140533685684204,0.6048117876052856,-0.039672207087278366,0.6301801800727844,0.645275354385376,-0.03191898390650749,0.6538015007972717,0.6503430008888245,-0.026314010843634605,0.689119279384613,0.6133073568344116,-0.039801932871341705,0.6355406045913696,0.642554759979248,-0.05269935354590416,0.647775411605835,0.6738601326942444,-0.049567997455596924,0.6678047180175781,0.6754398941993713,-0.046477023512125015,bauna kartik
0.6207610368728638,0.4373556971549988,-3.399743775389652e-07,0.5917912721633911,0.5061352252960205,0.0037965714000165462,0.5634196400642395,0.5656323432922363,-0.0058723208494484425,0.5512290000915527,0.6204822063446045,-0.018383782356977463,0.5423855185508728,0.6653911471366882,-0.02926740050315857,0.4883200526237488,0.48127540946006775,-0.006326283328235149,0.48422977328300476,0.5710127949714661,-0.01884610205888748,0.5052154660224915,0.5830476880073547,-0.029545262455940247,0.5138109922409058,0.5820735692977905,-0.03755331039428711,0.49511685967445374,0.4748137891292572,-0.01655040681362152,0.49291667342185974,0.5711077451705933,-0.028452232480049133,0.5162560343742371,0.5632842183113098,-0.03154965490102768,0.5260911583900452,0.5451744794845581,-0.03497705236077309,0.5130578875541687,0.4790676534175873,-0.026546182110905647,0.5098942518234253,0.5678926706314087,-0.0340697281062603,0.5301997065544128,0.560547947883606,-0.026986585929989815,0.5405126214027405,0.5446260571479797,-0.023686561733484268,0.5374642610549927,0.49386802315711975,-0.03689409792423248,0.5343074202537537,0.5584236979484558,-0.04313891381025314,0.5432731509208679,0.5671311020851135,-0.03941546753048897,0.5484841465950012,0.5660360455513,-0.03661048039793968,bauna kartik
0.1786571890115738,0.7399206161499023,1.0520225401933203e-07,0.22453366219997406,0.7042744159698486,-0.0030880996491760015,0.266664981842041,0.6466120481491089,-0.011301988735795021,0.30235835909843445,0.6237202882766724,-0.023180857300758362,0.3403390944004059,0.6224595308303833,-0.03464590758085251,0.22605913877487183,0.5586023330688477,0.002898674923926592,0.2699885368347168,0.5483823418617249,-0.01738724857568741,0.29868465662002563,0.5543339252471924,-0.030158786103129387,0.32526668906211853,0.5519434809684753,-0.03867189586162567,0.19848094880580902,0.5544373393058777,-0.009100873954594135,0.25379931926727295,0.5300971865653992,-0.030554519966244698,0.25251248478889465,0.5820549130439758,-0.034300338476896286,0.2398194968700409,0.5881847143173218,-0.032233793288469315,0.17550939321517944,0.5639374852180481,-0.023719869554042816,0.22780822217464447,0.551125705242157,-0.047214165329933167,0.23013629019260406,0.6013243794441223,-0.03976190835237503,0.2158692479133606,0.6072492599487305,-0.029125681146979332,0.15572099387645721,0.5854928493499756,-0.03893112763762474,0.19762927293777466,0.5669407844543457,-0.0523604117333889,0.20769929885864258,0.6041794419288635,-0.04194929823279381,0.19683794677257538,0.6179081201553345,-0.031062453985214233,bauna kartik
0.4263911247253418,0.9779477715492249,8.203763002256892e-08,0.4214129149913788,0.907603919506073,-0.006304392125457525,0.39559972286224365,0.8376718759536743,-0.01114540547132492,0.38368961215019226,0.781529426574707,-0.020169779658317566,0.39581868052482605,0.7314342260360718,-0.029949981719255447,0.3482620120048523,0.8340964317321777,0.011155479587614536,0.34219956398010254,0.7858281135559082,-0.0041353232227265835,0.34594056010246277,0.7467520236968994,-0.014806139282882214,0.34527137875556946,0.7134825587272644,-0.021869074553251266,0.328434020280838,0.85655677318573,0.0017327171517536044,0.3022933602333069,0.7875038981437683,-0.02373724989593029,0.34081193804740906,0.8144009113311768,-0.030970614403486252,0.35644280910491943,0.8487053513526917,-0.027058368548750877,0.3147396743297577,0.887202262878418,-0.010350853204727173,0.300256609916687,0.8282071352005005,-0.04051068797707558,0.3422100245952606,0.853611171245575,-0.03583532199263573,0.3543289601802826,0.8873611092567444,-0.02169238217175007,0.30417361855506897,0.928991973400116,-0.022695280611515045,0.2842308282852173,0.8761962056159973,-0.041039738804101944,0.3168990910053253,0.8763349056243896,-0.03175586089491844,0.3345229923725128,0.8958413600921631,-0.01903788186609745,bauna kartik
0.7881208658218384,0.8851335048675537,-3.1477350148634287e-07,0.7297075986862183,0.839114248752594,-0.0057730041444301605,0.6927396655082703,0.768650472164154,-0.015423736535012722,0.6549596786499023,0.7314939498901367,-0.029014330357313156,0.6133384108543396,0.7184300422668457,-0.041923556476831436,0.7432354092597961,0.6811835169792175,0.010331518948078156,0.6813027858734131,0.6668996810913086,-0.01092371717095375,0.64518803358078,0.6574991941452026,-0.02769256755709648,0.6167757511138916,0.6435560584068298,-0.04003562778234482,0.7630531191825867,0.673808753490448,-0.0016943326918408275,0.6884942054748535,0.6524702906608582,-0.028293168172240257,0.6889532804489136,0.7110177278518677,-0.034375812858343124,0.708827793598175,0.730353832244873,-0.0325758196413517,0.7797095775604248,0.6861650943756104,-0.017441250383853912,0.7053301930427551,0.6821175813674927,-0.04089367389678955,0.7072083950042725,0.7359359264373779,-0.03236893191933632,0.7300377488136292,0.7448788285255432,-0.021706463769078255,0.7874172329902649,0.7117917537689209,-0.03506633639335632,0.731295108795166,0.7129861116409302,-0.04810984060168266,0.7288147807121277,0.7488719820976257,-0.04114406555891037,0.74745112657547,0.7573273181915283,-0.033514395356178284,bauna kartik
0.7271243333816528,0.9353156685829163,-3.8157514836711925e-07,0.6984153985977173,0.8350949287414551,0.038272008299827576,0.6987383961677551,0.760168194770813,0.04656820744276047,0.6941846609115601,0.7067834734916687,0.038618847727775574,0.6799843311309814,0.6519839763641357,0.028451761230826378,0.7801742553710938,0.7601904273033142,0.07814612239599228,0.749090850353241,0.6985549330711365,0.07384145259857178,0.7274153828620911,0.6603401899337769,0.06293908506631851,0.7133215069770813,0.6259748935699463,0.05298424884676933,0.7976338267326355,0.7671594619750977,0.043661437928676605,0.7629889249801636,0.6904084086418152,0.029259471222758293,0.7348552346229553,0.7275412678718567,0.019834091886878014,0.7328882217407227,0.7606713771820068,0.018567955121397972,0.8033893704414368,0.7754428386688232,0.0066748121753335,0.7645925283432007,0.696707546710968,-0.008678256534039974,0.7375330924987793,0.7392646074295044,-0.0048172250390052795,0.7443205714225769,0.7731063961982727,0.001801084610633552,0.7994050979614258,0.7820308208465576,-0.028717393055558205,0.7615886926651001,0.7251743674278259,-0.03713391348719597,0.7404053211212158,0.7546913623809814,-0.03058457560837269,0.7477602362632751,0.7855991721153259,-0.0239880234003067,bauna kartik
0.8047526478767395,0.9134331345558167,-3.350294548454258e-07,0.738970935344696,0.8587924242019653,0.009978855028748512,0.7025724649429321,0.7992547154426575,-0.00052731076721102,0.6662314534187317,0.7676361799240112,-0.015729043632745743,0.6282241940498352,0.7499178051948547,-0.03140751272439957,0.7732377648353577,0.7052629590034485,0.0007398091838695109,0.6989273428916931,0.691372811794281,-0.015364421531558037,0.6603057384490967,0.694851815700531,-0.03000078722834587,0.6297683715820312,0.6919125318527222,-0.041782498359680176,0.7825403213500977,0.7098122835159302,-0.0162318367511034,0.6964065432548523,0.6993838548660278,-0.03255176916718483,0.7015365958213806,0.7439894676208496,-0.036076657474040985,0.7185851335525513,0.7620958089828491,-0.03901783749461174,0.781397819519043,0.7335551977157593,-0.03316724672913551,0.6977802515029907,0.72746342420578,-0.04298938065767288,0.7082376480102539,0.7698402404785156,-0.03177783638238907,0.7295367121696472,0.7813237905502319,-0.026677224785089493,0.7695761919021606,0.7676811814308167,-0.05044721066951752,0.7059417366981506,0.770759642124176,-0.05733197182416916,0.7153182029724121,0.8015917539596558,-0.0498570092022419,0.7347707152366638,0.8118842244148254,-0.04536677896976471,bauna kartik
0.7864586114883423,0.8951152563095093,-1.8268593748871353e-07,0.7698779106140137,0.8179160952568054,0.008547503501176834,0.776585042476654,0.7460253834724426,0.013131877407431602,0.7836493849754333,0.6907545328140259,0.008090291172266006,0.7886555194854736,0.6372997760772705,0.0019432605477049947,0.8277592658996582,0.752108633518219,0.05221579596400261,0.8277063965797424,0.6985965371131897,0.05003276467323303,0.8209982514381409,0.6553619503974915,0.04645076021552086,0.820409893989563,0.618740975856781,0.04286493360996246,0.8487572073936462,0.7598607540130615,0.03716164454817772,0.8506876826286316,0.6929299235343933,0.023438606411218643,0.8210482001304626,0.682174563407898,0.015002691186964512,0.8076146245002747,0.6772408485412598,0.015930501744151115,0.8671162128448486,0.7722146511077881,0.018192453309893608,0.8594861626625061,0.6978534460067749,-0.0064818477258086205,0.8299067616462708,0.7318255305290222,-0.009898516349494457,0.8227446675300598,0.7721177339553833,-0.001995994010940194,0.8813013434410095,0.7844968438148499,-0.00020850604050792754,0.8653773069381714,0.7132687568664551,-0.017693452537059784,0.8387519121170044,0.7321513891220093,-0.01630667969584465,0.8303951025009155,0.7716155052185059,-0.009487598203122616,bauna kartik
0.8789874315261841,0.8880698680877686,-3.2878793376767135e-07,0.8185667395591736,0.845421552658081,-3.68006294593215e-05,0.7753395438194275,0.7997131943702698,-0.014196093194186687,0.7323447465896606,0.7820879220962524,-0.030133478343486786,0.6892310380935669,0.774742841720581,-0.046670202165842056,0.8382895588874817,0.6948758959770203,-0.01808025874197483,0.7645058035850525,0.694823682308197,-0.03710339963436127,0.7239480018615723,0.7015771865844727,-0.05337831750512123,0.6902998685836792,0.7062094211578369,-0.06653488427400589,0.8513712882995605,0.7072571516036987,-0.030293786898255348,0.7651321291923523,0.7015953063964844,-0.048589278012514114,0.7552060484886169,0.7330900430679321,-0.05544913187623024,0.7556779980659485,0.7466211318969727,-0.06196654215455055,0.8542123436927795,0.7402274012565613,-0.04215700924396515,0.770313024520874,0.7441937327384949,-0.0577414371073246,0.777826189994812,0.7730180025100708,-0.05191666632890701,0.795150637626648,0.779631495475769,-0.049370408058166504,0.8460553288459778,0.7822626829147339,-0.05404866114258766,0.776474118232727,0.7905245423316956,-0.06668426841497421,0.7741968035697937,0.808805525302887,-0.06289143860340118,0.7849903106689453,0.8113146424293518,-0.060492679476737976,bauna kartik
